"Analysis","Prediction","TimeofManipulation","Outcome","Suboutcome","OutlierRemove","N","j","n","k","Hedgesg","CI","QM","z","p"
"Moderation Analysis: Step3_Technique_procedure","All","Delayed post","Intrusion frequency","Intrusion diary","no",NA,NA,NA,NA,NA,NA,"2.298",NA,"0.130"
"Behavioural","All","Delayed post","Intrusion frequency","Intrusion diary","no","501","5","6","13","0.46"," [0.11, 0.80]",NA,"2.618677","0.008827"
"Pharmacological","All","Delayed post","Intrusion frequency","Intrusion diary","no","65","1","1","1","-0.27"," [-1.15, 0.61]",NA,"-0.608493","0.542860"
"Moderation Analysis: Step3_Technique_procedure","All","Delayed post","Intrusion frequency","Intrusion diary","yes",NA,NA,NA,NA,NA,NA,"2.097",NA,"0.148"
"Behavioural","All","Delayed post","Intrusion frequency","Intrusion diary","yes","449","5","5","11","0.28"," [0.00, 0.56]",NA,"1.969931","0.048846"
"Pharmacological","All","Delayed post","Intrusion frequency","Intrusion diary","yes","65","1","1","1","-0.27"," [-0.97, 0.42]",NA,"-0.767708","0.442661"
"Moderation Analysis: Step4_Hypothesized_mechanism","All","Delayed post","Intrusion frequency","Intrusion diary","no",NA,NA,NA,NA,NA,NA,"0.185",NA,"0.667"
"Imagery","All","Delayed post","Intrusion frequency","Intrusion diary","no","501","5","6","11","0.44"," [0.08, 0.79]",NA,"2.417183","0.015641"
"Verbal","All","Delayed post","Intrusion frequency","Intrusion diary","no","140","2","2","2","0.56"," [-0.01, 1.13]",NA,"1.913161","0.055727"
"Moderation Analysis: Step4_Hypothesized_mechanism","All","Delayed post","Intrusion frequency","Intrusion diary","yes",NA,NA,NA,NA,NA,NA,"1.156",NA,"0.282"
"Imagery","All","Delayed post","Intrusion frequency","Intrusion diary","yes","449","5","5","9","0.23"," [-0.04, 0.49]",NA,"1.672298","0.094466"
"Verbal","All","Delayed post","Intrusion frequency","Intrusion diary","yes","140","2","2","2","0.51"," [0.02, 0.99]",NA,"2.042543","0.041098"
"Moderation Analysis: Step3_Technique_procedure","All","Immediate + delayed post","Intrusion frequency","Intrusion diary","no",NA,NA,NA,NA,NA,NA,"1.858",NA,"0.173"
"Behavioural","All","Immediate + delayed post","Intrusion frequency","Intrusion diary","no","139","2","2","3","-0.33"," [-0.79, 0.13]",NA,"-1.422588","0.154856"
"Pharmacological","All","Immediate + delayed post","Intrusion frequency","Intrusion diary","no","112","1","1","2","0.18"," [-0.39, 0.75]",NA,"0.604746","0.545348"
"Moderation Analysis: Step3_Technique_procedure","All","Immediate + delayed post","Intrusion frequency","Intrusion diary","yes",NA,NA,NA,NA,NA,NA,"1.858",NA,"0.173"
"Behavioural","All","Immediate + delayed post","Intrusion frequency","Intrusion diary","yes","139","2","2","3","-0.33"," [-0.79, 0.13]",NA,"-1.422588","0.154856"
"Pharmacological","All","Immediate + delayed post","Intrusion frequency","Intrusion diary","yes","112","1","1","2","0.18"," [-0.39, 0.75]",NA,"0.604746","0.545348"
"Moderation Analysis: Step3_Technique_procedure","All","Immediate post","Intrusion frequency","Intrusion diary","no",NA,NA,NA,NA,NA,NA,"0.006",NA,"0.938"
"Behavioural","All","Immediate post","Intrusion frequency","Intrusion diary","no","5068","56","66","151","0.19"," [0.10, 0.29]",NA,"4.051327","0.000051"
"Pharmacological","All","Immediate post","Intrusion frequency","Intrusion diary","no","340","3","3","4","0.21"," [-0.23, 0.65]",NA,"0.946620","0.343833"
"Moderation Analysis: Step3_Technique_procedure","All","Immediate post","Intrusion frequency","Intrusion diary","yes",NA,NA,NA,NA,NA,NA,"0.008",NA,"0.927"
"Behavioural","All","Immediate post","Intrusion frequency","Intrusion diary","yes","4963","54","63","145","0.20"," [0.12, 0.28]",NA,"4.866948","0.000001"
"Pharmacological","All","Immediate post","Intrusion frequency","Intrusion diary","yes","340","3","3","4","0.22"," [-0.15, 0.58]",NA,"1.153589","0.248669"
"Moderation Analysis: Step4_Hypothesized_mechanism","All","Immediate post","Intrusion frequency","Intrusion diary","no",NA,NA,NA,NA,NA,NA,"4.193",NA,"0.522"
"Emotion","All","Immediate post","Intrusion frequency","Intrusion diary","no","702","7","7","11","-0.06"," [-0.37, 0.26]",NA,"-0.355312","0.722356"
"Imagery","All","Immediate post","Intrusion frequency","Intrusion diary","no","2549","28","33","73","0.26"," [0.11, 0.40]",NA,"3.438140","0.000586"
"Imagery + verbal","All","Immediate post","Intrusion frequency","Intrusion diary","no","575","4","7","7","0.10"," [-0.21, 0.41]",NA,"0.620005","0.535255"
"Verbal","All","Immediate post","Intrusion frequency","Intrusion diary","no","838","11","12","25","0.15"," [-0.08, 0.38]",NA,"1.285573","0.198592"
"Verbal + imagery","All","Immediate post","Intrusion frequency","Intrusion diary","no","200","2","2","2","0.06"," [-0.50, 0.62]",NA,"0.199987","0.841491"
"Verbal vs. Imagery","All","Immediate post","Intrusion frequency","Intrusion diary","no","73","1","1","1","0.21"," [-0.67, 1.08]",NA,"0.459604","0.645801"
"Moderation Analysis: Step4_Hypothesized_mechanism","All","Immediate post","Intrusion frequency","Intrusion diary","yes",NA,NA,NA,NA,NA,NA,"1.965",NA,"0.854"
"Emotion","All","Immediate post","Intrusion frequency","Intrusion diary","yes","663","6","6","10","0.09"," [-0.18, 0.36]",NA,"0.647483","0.517319"
"Imagery","All","Immediate post","Intrusion frequency","Intrusion diary","yes","2483","27","31","71","0.20"," [0.08, 0.33]",NA,"3.266904","0.001087"
"Imagery + verbal","All","Immediate post","Intrusion frequency","Intrusion diary","yes","575","4","7","7","0.11"," [-0.17, 0.40]",NA,"0.779812","0.435501"
"Verbal","All","Immediate post","Intrusion frequency","Intrusion diary","yes","838","11","12","23","0.17"," [-0.02, 0.37]",NA,"1.733445","0.083017"
"Verbal + imagery","All","Immediate post","Intrusion frequency","Intrusion diary","yes","120","1","1","1","0.57"," [-0.14, 1.29]",NA,"1.565446","0.117478"
"Verbal vs. Imagery","All","Immediate post","Intrusion frequency","Intrusion diary","yes","73","1","1","1","0.21"," [-0.53, 0.94]",NA,"0.551051","0.581599"
"Moderation Analysis: Step4_Hypothesized_mechanism","All","Peri","Intrusion frequency","Intrusion diary","no",NA,NA,NA,NA,NA,NA,"25.393",NA,"0.000"
"Emotion","All","Peri","Intrusion frequency","Intrusion diary","no","227","3","3","5","0.22"," [-0.15, 0.59]",NA,"1.164046","0.244405"
"Imagery","All","Peri","Intrusion frequency","Intrusion diary","no","677","9","10","15","0.55"," [0.32, 0.78]",NA,"4.687508","0.000003"
"Imagery vs. Verbal","All","Peri","Intrusion frequency","Intrusion diary","no","50","1","1","1","0.58"," [-0.21, 1.36]",NA,"1.433176","0.151808"
"Verbal","All","Peri","Intrusion frequency","Intrusion diary","no","795","10","11","19","-0.16"," [-0.36, 0.04]",NA,"-1.560662","0.118604"
"Moderation Analysis: Step4_Hypothesized_mechanism","All","Peri","Intrusion frequency","Intrusion diary","yes",NA,NA,NA,NA,NA,NA,"19.597",NA,"0.000"
"Emotion","All","Peri","Intrusion frequency","Intrusion diary","yes","227","3","3","5","0.22"," [-0.10, 0.54]",NA,"1.332514","0.182691"
"Imagery","All","Peri","Intrusion frequency","Intrusion diary","yes","677","9","10","14","0.52"," [0.31, 0.73]",NA,"4.837556","0.000001"
"Imagery vs. Verbal","All","Peri","Intrusion frequency","Intrusion diary","yes","50","1","1","1","0.58"," [-0.13, 1.29]",NA,"1.588289","0.112221"
"Verbal","All","Peri","Intrusion frequency","Intrusion diary","yes","757","10","10","17","-0.07"," [-0.25, 0.12]",NA,"-0.721767","0.470438"
"Moderation Analysis: Step3_Technique_procedure","All","Pre","Intrusion frequency","Intrusion diary","no",NA,NA,NA,NA,NA,NA,"7.881",NA,"0.005"
"Behavioural","All","Pre","Intrusion frequency","Intrusion diary","no","639","10","11","14","0.10"," [-0.10, 0.31]",NA,"0.991365","0.321507"
"Pharmacological","All","Pre","Intrusion frequency","Intrusion diary","no","489","6","6","11","-0.37"," [-0.63, -0.11]",NA,"-2.795651","0.005180"
"Moderation Analysis: Step3_Technique_procedure","All","Pre","Intrusion frequency","Intrusion diary","yes",NA,NA,NA,NA,NA,NA,"6.128",NA,"0.013"
"Behavioural","All","Pre","Intrusion frequency","Intrusion diary","yes","639","10","11","14","0.10"," [-0.11, 0.31]",NA,"0.939345","0.347554"
"Pharmacological","All","Pre","Intrusion frequency","Intrusion diary","yes","489","6","6","10","-0.33"," [-0.60, -0.06]",NA,"-2.400352","0.016379"
"Moderation Analysis: Step4_Hypothesized_mechanism","All","Pre","Intrusion frequency","Intrusion diary","no",NA,NA,NA,NA,NA,NA,"4.827",NA,"0.089"
"Emotion","All","Pre","Intrusion frequency","Intrusion diary","no","210","4","4","5","0.19"," [-0.22, 0.59]",NA,"0.912160","0.361684"
"Imagery","All","Pre","Intrusion frequency","Intrusion diary","no","120","2","2","2","0.44"," [-0.13, 1.01]",NA,"1.505037","0.132315"
"Verbal","All","Pre","Intrusion frequency","Intrusion diary","no","80","1","2","2","-0.40"," [-0.94, 0.14]",NA,"-1.455104","0.145640"
"Moderation Analysis: Step4_Hypothesized_mechanism","All","Pre","Intrusion frequency","Intrusion diary","yes",NA,NA,NA,NA,NA,NA,"4.827",NA,"0.089"
"Emotion","All","Pre","Intrusion frequency","Intrusion diary","yes","210","4","4","5","0.19"," [-0.22, 0.59]",NA,"0.912160","0.361684"
"Imagery","All","Pre","Intrusion frequency","Intrusion diary","yes","120","2","2","2","0.44"," [-0.13, 1.01]",NA,"1.505037","0.132315"
"Verbal","All","Pre","Intrusion frequency","Intrusion diary","yes","80","1","2","2","-0.40"," [-0.94, 0.14]",NA,"-1.455104","0.145640"
"Moderation Analysis: Step3_Technique_procedure","Decrease","Delayed post","Intrusion frequency","Intrusion diary","no",NA,NA,NA,NA,NA,NA,"1.866",NA,"0.172"
"Behavioural","Decrease","Delayed post","Intrusion frequency","Intrusion diary","no","501","5","6","9","0.57"," [0.11, 1.02]",NA,"2.427478","0.015204"
"Pharmacological","Decrease","Delayed post","Intrusion frequency","Intrusion diary","no","65","1","1","1","-0.27"," [-1.39, 0.84]",NA,"-0.479463","0.631609"
"Moderation Analysis: Step3_Technique_procedure","Decrease","Delayed post","Intrusion frequency","Intrusion diary","yes",NA,NA,NA,NA,NA,NA,"1.596",NA,"0.207"
"Behavioural","Decrease","Delayed post","Intrusion frequency","Intrusion diary","yes","377","4","4","7","0.26"," [-0.09, 0.61]",NA,"1.442122","0.149268"
"Pharmacological","Decrease","Delayed post","Intrusion frequency","Intrusion diary","yes","65","1","1","1","-0.27"," [-1.02, 0.47]",NA,"-0.717303","0.473187"
"Moderation Analysis: Step4_Hypothesized_mechanism","Decrease","Delayed post","Intrusion frequency","Intrusion diary","no",NA,NA,NA,NA,NA,NA,"0.812",NA,"0.368"
"Imagery","Decrease","Delayed post","Intrusion frequency","Intrusion diary","no","501","5","6","8","0.54"," [0.05, 1.03]",NA,"2.144332","0.032006"
"Verbal","Decrease","Delayed post","Intrusion frequency","Intrusion diary","no","54","1","1","1","0.94"," [0.00, 1.88]",NA,"1.965675","0.049336"
"Moderation Analysis: Step4_Hypothesized_mechanism","Decrease","Delayed post","Intrusion frequency","Intrusion diary","yes",NA,NA,NA,NA,NA,NA,"0.999",NA,"0.318"
"Imagery","Decrease","Delayed post","Intrusion frequency","Intrusion diary","yes","377","4","4","6","0.22"," [-0.18, 0.61]",NA,"1.068936","0.285098"
"Verbal","Decrease","Delayed post","Intrusion frequency","Intrusion diary","yes","54","1","1","1","0.64"," [-0.19, 1.47]",NA,"1.511150","0.130750"
"Moderation Analysis: Step3_Technique_procedure","Decrease","Immediate post","Intrusion frequency","Intrusion diary","no",NA,NA,NA,NA,NA,NA,"0.293",NA,"0.588"
"Behavioural","Decrease","Immediate post","Intrusion frequency","Intrusion diary","no","4004","43","51","85","0.32"," [0.22, 0.42]",NA,"6.359931","0.000000"
"Pharmacological","Decrease","Immediate post","Intrusion frequency","Intrusion diary","no","340","3","3","4","0.21"," [-0.18, 0.60]",NA,"1.065175","0.286797"
"Moderation Analysis: Step3_Technique_procedure","Decrease","Immediate post","Intrusion frequency","Intrusion diary","yes",NA,NA,NA,NA,NA,NA,"0.286",NA,"0.593"
"Behavioural","Decrease","Immediate post","Intrusion frequency","Intrusion diary","yes","3974","42","50","83","0.32"," [0.22, 0.41]",NA,"6.524771","0.000000"
"Pharmacological","Decrease","Immediate post","Intrusion frequency","Intrusion diary","yes","340","3","3","4","0.21"," [-0.16, 0.58]",NA,"1.132968","0.257228"
"Moderation Analysis: Step4_Hypothesized_mechanism","Decrease","Immediate post","Intrusion frequency","Intrusion diary","no",NA,NA,NA,NA,NA,NA,"2.839",NA,"0.585"
"Emotion","Decrease","Immediate post","Intrusion frequency","Intrusion diary","no","603","5","5","6","0.11"," [-0.22, 0.45]",NA,"0.665619","0.505655"
"Imagery","Decrease","Immediate post","Intrusion frequency","Intrusion diary","no","1902","21","26","46","0.35"," [0.19, 0.50]",NA,"4.444463","0.000009"
"Imagery + verbal","Decrease","Immediate post","Intrusion frequency","Intrusion diary","no","365","2","4","4","0.54"," [0.13, 0.96]",NA,"2.600792","0.009301"
"Verbal","Decrease","Immediate post","Intrusion frequency","Intrusion diary","no","481","7","7","14","0.32"," [0.03, 0.60]",NA,"2.181141","0.029173"
"Verbal vs. Imagery","Decrease","Immediate post","Intrusion frequency","Intrusion diary","no","73","1","1","1","0.21"," [-0.57, 0.98]",NA,"0.522612","0.601244"
"Moderation Analysis: Step4_Hypothesized_mechanism","Decrease","Immediate post","Intrusion frequency","Intrusion diary","yes",NA,NA,NA,NA,NA,NA,"3.242",NA,"0.518"
"Emotion","Decrease","Immediate post","Intrusion frequency","Intrusion diary","yes","603","5","5","6","0.11"," [-0.20, 0.42]",NA,"0.710458","0.477420"
"Imagery","Decrease","Immediate post","Intrusion frequency","Intrusion diary","yes","1802","19","24","44","0.34"," [0.20, 0.49]",NA,"4.587411","0.000004"
"Imagery + verbal","Decrease","Immediate post","Intrusion frequency","Intrusion diary","yes","365","2","4","4","0.54"," [0.15, 0.93]",NA,"2.738809","0.006166"
"Verbal","Decrease","Immediate post","Intrusion frequency","Intrusion diary","yes","481","7","7","14","0.28"," [0.01, 0.55]",NA,"2.066983","0.038736"
"Verbal vs. Imagery","Decrease","Immediate post","Intrusion frequency","Intrusion diary","yes","73","1","1","1","0.21"," [-0.52, 0.93]",NA,"0.555089","0.578834"
"Moderation Analysis: Step4_Hypothesized_mechanism","Decrease","Peri","Intrusion frequency","Intrusion diary","no",NA,NA,NA,NA,NA,NA,"5.717",NA,"0.126"
"Emotion","Decrease","Peri","Intrusion frequency","Intrusion diary","no","145","2","2","2","0.34"," [-0.16, 0.85]",NA,"1.329206","0.183780"
"Imagery","Decrease","Peri","Intrusion frequency","Intrusion diary","no","427","7","8","13","0.57"," [0.34, 0.81]",NA,"4.709469","0.000002"
"Imagery vs. Verbal","Decrease","Peri","Intrusion frequency","Intrusion diary","no","50","1","1","1","0.58"," [-0.13, 1.28]",NA,"1.607667","0.107908"
"Verbal","Decrease","Peri","Intrusion frequency","Intrusion diary","no","136","2","2","2","-0.10"," [-0.62, 0.42]",NA,"-0.388906","0.697345"
"Moderation Analysis: Step4_Hypothesized_mechanism","Decrease","Peri","Intrusion frequency","Intrusion diary","yes",NA,NA,NA,NA,NA,NA,"5.717",NA,"0.126"
"Emotion","Decrease","Peri","Intrusion frequency","Intrusion diary","yes","145","2","2","2","0.34"," [-0.16, 0.85]",NA,"1.329206","0.183780"
"Imagery","Decrease","Peri","Intrusion frequency","Intrusion diary","yes","427","7","8","13","0.57"," [0.34, 0.81]",NA,"4.709469","0.000002"
"Imagery vs. Verbal","Decrease","Peri","Intrusion frequency","Intrusion diary","yes","50","1","1","1","0.58"," [-0.13, 1.28]",NA,"1.607667","0.107908"
"Verbal","Decrease","Peri","Intrusion frequency","Intrusion diary","yes","136","2","2","2","-0.10"," [-0.62, 0.42]",NA,"-0.388906","0.697345"
"Moderation Analysis: Step3_Technique_procedure","Decrease","Pre","Intrusion frequency","Intrusion diary","no",NA,NA,NA,NA,NA,NA,"2.625",NA,"0.105"
"Behavioural","Decrease","Pre","Intrusion frequency","Intrusion diary","no","522","8","9","10","0.11"," [-0.18, 0.40]",NA,"0.773324","0.439331"
"Pharmacological","Decrease","Pre","Intrusion frequency","Intrusion diary","no","186","3","3","3","-0.39"," [-0.93, 0.15]",NA,"-1.423671","0.154542"
"Moderation Analysis: Step3_Technique_procedure","Decrease","Pre","Intrusion frequency","Intrusion diary","yes",NA,NA,NA,NA,NA,NA,"1.969",NA,"0.161"
"Behavioural","Decrease","Pre","Intrusion frequency","Intrusion diary","yes","482","8","8","9","0.20"," [-0.10, 0.50]",NA,"1.323509","0.185666"
"Pharmacological","Decrease","Pre","Intrusion frequency","Intrusion diary","yes","88","2","2","2","-0.32"," [-0.98, 0.34]",NA,"-0.945609","0.344348"
"Moderation Analysis: Step4_Hypothesized_mechanism","Decrease","Pre","Intrusion frequency","Intrusion diary","no",NA,NA,NA,NA,NA,NA,"5.931",NA,"0.052"
"Emotion","Decrease","Pre","Intrusion frequency","Intrusion diary","no","147","3","3","4","0.32"," [-0.13, 0.77]",NA,"1.391170","0.164174"
"Imagery","Decrease","Pre","Intrusion frequency","Intrusion diary","no","120","2","2","2","0.44"," [-0.11, 0.99]",NA,"1.565171","0.117543"
"Verbal","Decrease","Pre","Intrusion frequency","Intrusion diary","no","80","1","2","2","-0.40"," [-0.92, 0.12]",NA,"-1.519161","0.128722"
"Moderation Analysis: Step4_Hypothesized_mechanism","Decrease","Pre","Intrusion frequency","Intrusion diary","yes",NA,NA,NA,NA,NA,NA,"1.998",NA,"0.368"
"Emotion","Decrease","Pre","Intrusion frequency","Intrusion diary","yes","147","3","3","4","0.31"," [-0.20, 0.81]",NA,"1.190148","0.233988"
"Imagery","Decrease","Pre","Intrusion frequency","Intrusion diary","yes","120","2","2","2","0.44"," [-0.18, 1.06]",NA,"1.385509","0.165897"
"Verbal","Decrease","Pre","Intrusion frequency","Intrusion diary","yes","40","1","1","1","-0.29"," [-1.13, 0.55]",NA,"-0.677609","0.498020"
"Moderation Analysis: Step4_Hypothesized_mechanism","Increase","Immediate post","Intrusion frequency","Intrusion diary","no",NA,NA,NA,NA,NA,NA,"0.514",NA,"0.972"
"Emotion","Increase","Immediate post","Intrusion frequency","Intrusion diary","no","301","3","3","3","-0.26"," [-1.02, 0.49]",NA,"-0.679716","0.496685"
"Imagery","Increase","Immediate post","Intrusion frequency","Intrusion diary","no","425","4","4","8","-0.22"," [-0.81, 0.36]",NA,"-0.748211","0.454333"
"Imagery + verbal","Increase","Immediate post","Intrusion frequency","Intrusion diary","no","210","2","3","3","-0.38"," [-1.15, 0.38]",NA,"-0.979187","0.327487"
"Verbal","Increase","Immediate post","Intrusion frequency","Intrusion diary","no","436","5","6","8","-0.19"," [-0.72, 0.35]",NA,"-0.684984","0.493354"
"Verbal + imagery","Increase","Immediate post","Intrusion frequency","Intrusion diary","no","200","2","2","2","-0.05"," [-0.79, 0.70]",NA,"-0.119546","0.904843"
"Moderation Analysis: Step4_Hypothesized_mechanism","Increase","Immediate post","Intrusion frequency","Intrusion diary","yes",NA,NA,NA,NA,NA,NA,"0.735",NA,"0.947"
"Emotion","Increase","Immediate post","Intrusion frequency","Intrusion diary","yes","81","1","1","1","-0.23"," [-1.22, 0.75]",NA,"-0.465503","0.641572"
"Imagery","Increase","Immediate post","Intrusion frequency","Intrusion diary","yes","425","4","4","8","-0.19"," [-0.62, 0.24]",NA,"-0.852841","0.393747"
"Imagery + verbal","Increase","Immediate post","Intrusion frequency","Intrusion diary","yes","210","2","3","3","-0.38"," [-0.96, 0.20]",NA,"-1.278755","0.200983"
"Verbal","Increase","Immediate post","Intrusion frequency","Intrusion diary","yes","436","5","6","7","-0.10"," [-0.50, 0.31]",NA,"-0.467669","0.640021"
"Verbal + imagery","Increase","Immediate post","Intrusion frequency","Intrusion diary","yes","200","2","2","2","-0.09"," [-0.71, 0.53]",NA,"-0.284768","0.775822"
"Moderation Analysis: Step4_Hypothesized_mechanism","Increase","Peri","Intrusion frequency","Intrusion diary","no",NA,NA,NA,NA,NA,NA,"10.188",NA,"0.006"
"Emotion","Increase","Peri","Intrusion frequency","Intrusion diary","no","227","3","3","3","0.17"," [-0.28, 0.62]",NA,"0.729370","0.465776"
"Imagery","Increase","Peri","Intrusion frequency","Intrusion diary","no","39","1","1","1","0.98"," [0.11, 1.86]",NA,"2.197408","0.027991"
"Verbal","Increase","Peri","Intrusion frequency","Intrusion diary","no","653","8","9","12","-0.32"," [-0.57, -0.07]",NA,"-2.543310","0.010981"
"Moderation Analysis: Step4_Hypothesized_mechanism","Increase","Peri","Intrusion frequency","Intrusion diary","yes",NA,NA,NA,NA,NA,NA,"3.514",NA,"0.061"
"Emotion","Increase","Peri","Intrusion frequency","Intrusion diary","yes","227","3","3","3","0.17"," [-0.28, 0.62]",NA,"0.729370","0.465776"
"Verbal","Increase","Peri","Intrusion frequency","Intrusion diary","yes","653","8","9","12","-0.32"," [-0.57, -0.07]",NA,"-2.543310","0.010981"
"Moderation Analysis: Step3_Technique_procedure","Increase","Pre","Intrusion frequency","Intrusion diary","no",NA,NA,NA,NA,NA,NA,"3.536",NA,"0.060"
"Behavioural","Increase","Pre","Intrusion frequency","Intrusion diary","no","238","3","3","3","0.01"," [-0.28, 0.31]",NA,"0.097535","0.922301"
"Pharmacological","Increase","Pre","Intrusion frequency","Intrusion diary","no","401","4","4","5","-0.32"," [-0.53, -0.12]",NA,"-3.157970","0.001589"
"Moderation Analysis: Step3_Technique_procedure","Increase","Pre","Intrusion frequency","Intrusion diary","yes",NA,NA,NA,NA,NA,NA,"3.536",NA,"0.060"
"Behavioural","Increase","Pre","Intrusion frequency","Intrusion diary","yes","238","3","3","3","0.01"," [-0.28, 0.31]",NA,"0.097535","0.922301"
"Pharmacological","Increase","Pre","Intrusion frequency","Intrusion diary","yes","401","4","4","5","-0.32"," [-0.53, -0.12]",NA,"-3.157970","0.001589"
"Moderation Analysis: Step4_Hypothesized_mechanism","Unspecified","Delayed post","Intrusion frequency","Intrusion diary","no",NA,NA,NA,NA,NA,NA,"0.812",NA,"0.368"
"Imagery","Unspecified","Delayed post","Intrusion frequency","Intrusion diary","no","72","1","1","2","0.35"," [-0.14, 0.83]",NA,"1.407965","0.159141"
"Verbal","Unspecified","Delayed post","Intrusion frequency","Intrusion diary","no","86","1","1","1","0.68"," [0.13, 1.23]",NA,"2.425265","0.015297"
"Moderation Analysis: Step4_Hypothesized_mechanism","Unspecified","Delayed post","Intrusion frequency","Intrusion diary","yes",NA,NA,NA,NA,NA,NA,"0.812",NA,"0.368"
"Imagery","Unspecified","Delayed post","Intrusion frequency","Intrusion diary","yes","72","1","1","2","0.35"," [-0.14, 0.83]",NA,"1.407965","0.159141"
"Verbal","Unspecified","Delayed post","Intrusion frequency","Intrusion diary","yes","86","1","1","1","0.68"," [0.13, 1.23]",NA,"2.425265","0.015297"
"Moderation Analysis: Step4_Hypothesized_mechanism","Unspecified","Immediate post","Intrusion frequency","Intrusion diary","no",NA,NA,NA,NA,NA,NA,"1.121",NA,"0.571"
"Emotion","Unspecified","Immediate post","Intrusion frequency","Intrusion diary","no","60","1","1","2","-0.26"," [-0.70, 0.18]",NA,"-1.167351","0.243068"
"Imagery","Unspecified","Immediate post","Intrusion frequency","Intrusion diary","no","1101","12","12","19","-0.02"," [-0.14, 0.11]",NA,"-0.233666","0.815244"
"Verbal","Unspecified","Immediate post","Intrusion frequency","Intrusion diary","no","253","3","3","3","-0.05"," [-0.36, 0.27]",NA,"-0.303226","0.761718"
"Moderation Analysis: Step4_Hypothesized_mechanism","Unspecified","Immediate post","Intrusion frequency","Intrusion diary","yes",NA,NA,NA,NA,NA,NA,"1.121",NA,"0.571"
"Emotion","Unspecified","Immediate post","Intrusion frequency","Intrusion diary","yes","60","1","1","2","-0.26"," [-0.70, 0.18]",NA,"-1.167351","0.243068"
"Imagery","Unspecified","Immediate post","Intrusion frequency","Intrusion diary","yes","1101","12","12","19","-0.02"," [-0.14, 0.11]",NA,"-0.233666","0.815244"
"Verbal","Unspecified","Immediate post","Intrusion frequency","Intrusion diary","yes","253","3","3","3","-0.05"," [-0.36, 0.27]",NA,"-0.303226","0.761718"
"Moderation Analysis: Step4_Hypothesized_mechanism","Unspecified","Peri","Intrusion frequency","Intrusion diary","no",NA,NA,NA,NA,NA,NA,"0.046",NA,"0.830"
"Imagery","Unspecified","Peri","Intrusion frequency","Intrusion diary","no","211","1","1","1","0.04"," [-0.70, 0.78]",NA,"0.096480","0.923139"
"Verbal","Unspecified","Peri","Intrusion frequency","Intrusion diary","no","292","4","4","5","0.13"," [-0.23, 0.48]",NA,"0.695077","0.487007"
"Moderation Analysis: Step4_Hypothesized_mechanism","Unspecified","Peri","Intrusion frequency","Intrusion diary","yes",NA,NA,NA,NA,NA,NA,"0.046",NA,"0.830"
"Imagery","Unspecified","Peri","Intrusion frequency","Intrusion diary","yes","211","1","1","1","0.04"," [-0.70, 0.78]",NA,"0.096480","0.923139"
"Verbal","Unspecified","Peri","Intrusion frequency","Intrusion diary","yes","292","4","4","5","0.13"," [-0.23, 0.48]",NA,"0.695077","0.487007"
"Moderation Analysis: Step3_Technique_procedure","Unspecified","Pre","Intrusion frequency","Intrusion diary","no",NA,NA,NA,NA,NA,NA,"0.478",NA,"0.489"
"Behavioural","Unspecified","Pre","Intrusion frequency","Intrusion diary","no","54","1","1","1","0.15"," [-1.23, 1.52]",NA,"0.207571","0.835564"
"Pharmacological","Unspecified","Pre","Intrusion frequency","Intrusion diary","no","48","1","1","3","-0.44"," [-1.36, 0.48]",NA,"-0.933558","0.350532"
"Moderation Analysis: Step3_Technique_procedure","Unspecified","Pre","Intrusion frequency","Intrusion diary","yes",NA,NA,NA,NA,NA,NA,"0.230",NA,"0.631"
"Behavioural","Unspecified","Pre","Intrusion frequency","Intrusion diary","yes","54","1","1","1","0.15"," [-0.39, 0.68]",NA,"0.535370","0.592394"
"Pharmacological","Unspecified","Pre","Intrusion frequency","Intrusion diary","yes","48","1","1","1","0.36"," [-0.34, 1.06]",NA,"1.013701","0.310726"
"Moderation Analysis: Step3_Technique_procedure","All","Delayed post","Intrusion frequency","Lab-based intrusion monitoring task","no",NA,NA,NA,NA,NA,NA,"0.573",NA,"0.449"
"Behavioural","All","Delayed post","Intrusion frequency","Lab-based intrusion monitoring task","no","454","3","4","8","0.23"," [-0.07, 0.53]",NA,"1.489979","0.136230"
"Pharmacological","All","Delayed post","Intrusion frequency","Lab-based intrusion monitoring task","no","65","1","1","1","-0.11"," [-0.95, 0.72]",NA,"-0.264793","0.791169"
"Moderation Analysis: Step3_Technique_procedure","All","Delayed post","Intrusion frequency","Lab-based intrusion monitoring task","yes",NA,NA,NA,NA,NA,NA,"0.573",NA,"0.449"
"Behavioural","All","Delayed post","Intrusion frequency","Lab-based intrusion monitoring task","yes","454","3","4","8","0.23"," [-0.07, 0.53]",NA,"1.489979","0.136230"
"Pharmacological","All","Delayed post","Intrusion frequency","Lab-based intrusion monitoring task","yes","65","1","1","1","-0.11"," [-0.95, 0.72]",NA,"-0.264793","0.791169"
"Moderation Analysis: Step4_Hypothesized_mechanism","All","Immediate post","Intrusion frequency","Lab-based intrusion monitoring task","no",NA,NA,NA,NA,NA,NA,"6.425",NA,"0.170"
"Emotion","All","Immediate post","Intrusion frequency","Lab-based intrusion monitoring task","no","81","1","1","2","0.02"," [-0.65, 0.69]",NA,"0.061505","0.950957"
"Imagery","All","Immediate post","Intrusion frequency","Lab-based intrusion monitoring task","no","713","8","10","19","0.60"," [0.37, 0.82]",NA,"5.200919","0.000000"
"Imagery + verbal","All","Immediate post","Intrusion frequency","Lab-based intrusion monitoring task","no","135","1","2","2","0.59"," [0.07, 1.10]",NA,"2.215895","0.026699"
"Verbal","All","Immediate post","Intrusion frequency","Lab-based intrusion monitoring task","no","346","4","5","11","0.24"," [-0.04, 0.52]",NA,"1.679521","0.093051"
"Verbal + imagery","All","Immediate post","Intrusion frequency","Lab-based intrusion monitoring task","no","200","2","2","4","0.61"," [0.23, 0.99]",NA,"3.126239","0.001771"
"Moderation Analysis: Step4_Hypothesized_mechanism","All","Immediate post","Intrusion frequency","Lab-based intrusion monitoring task","yes",NA,NA,NA,NA,NA,NA,"6.425",NA,"0.170"
"Emotion","All","Immediate post","Intrusion frequency","Lab-based intrusion monitoring task","yes","81","1","1","2","0.02"," [-0.65, 0.69]",NA,"0.061505","0.950957"
"Imagery","All","Immediate post","Intrusion frequency","Lab-based intrusion monitoring task","yes","713","8","10","19","0.60"," [0.37, 0.82]",NA,"5.200919","0.000000"
"Imagery + verbal","All","Immediate post","Intrusion frequency","Lab-based intrusion monitoring task","yes","135","1","2","2","0.59"," [0.07, 1.10]",NA,"2.215895","0.026699"
"Verbal","All","Immediate post","Intrusion frequency","Lab-based intrusion monitoring task","yes","346","4","5","11","0.24"," [-0.04, 0.52]",NA,"1.679521","0.093051"
"Verbal + imagery","All","Immediate post","Intrusion frequency","Lab-based intrusion monitoring task","yes","200","2","2","4","0.61"," [0.23, 0.99]",NA,"3.126239","0.001771"
"Moderation Analysis: Step4_Hypothesized_mechanism","All","Peri","Intrusion frequency","Lab-based intrusion monitoring task","no",NA,NA,NA,NA,NA,NA,"4.803",NA,"0.091"
"Emotion","All","Peri","Intrusion frequency","Lab-based intrusion monitoring task","no","171","2","2","3","0.60"," [0.03, 1.16]",NA,"2.082049","0.037338"
"Imagery","All","Peri","Intrusion frequency","Lab-based intrusion monitoring task","no","86","1","1","1","0.74"," [-0.24, 1.73]",NA,"1.476819","0.139724"
"Verbal","All","Peri","Intrusion frequency","Lab-based intrusion monitoring task","no","261","3","3","4","-0.13"," [-0.62, 0.35]",NA,"-0.535490","0.592311"
"Moderation Analysis: Step4_Hypothesized_mechanism","All","Peri","Intrusion frequency","Lab-based intrusion monitoring task","yes",NA,NA,NA,NA,NA,NA,"1.476",NA,"0.478"
"Emotion","All","Peri","Intrusion frequency","Lab-based intrusion monitoring task","yes","171","2","2","3","0.58"," [0.28, 0.87]",NA,"3.867566","0.000110"
"Imagery","All","Peri","Intrusion frequency","Lab-based intrusion monitoring task","yes","86","1","1","1","0.74"," [0.20, 1.29]",NA,"2.668322","0.007623"
"Verbal","All","Peri","Intrusion frequency","Lab-based intrusion monitoring task","yes","196","2","2","2","0.37"," [0.03, 0.72]",NA,"2.113700","0.034541"
"Moderation Analysis: Step4_Hypothesized_mechanism","All","Pre","Intrusion frequency","Lab-based intrusion monitoring task","no",NA,NA,NA,NA,NA,NA,"3.453",NA,"0.063"
"Emotion","All","Pre","Intrusion frequency","Lab-based intrusion monitoring task","no","129","2","2","4","0.43"," [0.16, 0.71]",NA,"3.060611","0.002209"
"Imagery","All","Pre","Intrusion frequency","Lab-based intrusion monitoring task","no","56","1","1","1","-0.13"," [-0.65, 0.39]",NA,"-0.485938","0.627011"
"Moderation Analysis: Step4_Hypothesized_mechanism","All","Pre","Intrusion frequency","Lab-based intrusion monitoring task","yes",NA,NA,NA,NA,NA,NA,"3.453",NA,"0.063"
"Emotion","All","Pre","Intrusion frequency","Lab-based intrusion monitoring task","yes","129","2","2","4","0.43"," [0.16, 0.71]",NA,"3.060611","0.002209"
"Imagery","All","Pre","Intrusion frequency","Lab-based intrusion monitoring task","yes","56","1","1","1","-0.13"," [-0.65, 0.39]",NA,"-0.485938","0.627011"
"Moderation Analysis: Step3_Technique_procedure","Decrease","Delayed post","Intrusion frequency","Lab-based intrusion monitoring task","no",NA,NA,NA,NA,NA,NA,"0.919",NA,"0.338"
"Behavioural","Decrease","Delayed post","Intrusion frequency","Lab-based intrusion monitoring task","no","454","3","4","5","0.48"," [-0.06, 1.02]",NA,"1.739526","0.081942"
"Pharmacological","Decrease","Delayed post","Intrusion frequency","Lab-based intrusion monitoring task","no","65","1","1","1","-0.11"," [-1.20, 0.97]",NA,"-0.204007","0.838348"
"Moderation Analysis: Step3_Technique_procedure","Decrease","Delayed post","Intrusion frequency","Lab-based intrusion monitoring task","yes",NA,NA,NA,NA,NA,NA,"0.919",NA,"0.338"
"Behavioural","Decrease","Delayed post","Intrusion frequency","Lab-based intrusion monitoring task","yes","454","3","4","5","0.48"," [-0.06, 1.02]",NA,"1.739526","0.081942"
"Pharmacological","Decrease","Delayed post","Intrusion frequency","Lab-based intrusion monitoring task","yes","65","1","1","1","-0.11"," [-1.20, 0.97]",NA,"-0.204007","0.838348"
"Moderation Analysis: Step4_Hypothesized_mechanism","Decrease","Immediate post","Intrusion frequency","Lab-based intrusion monitoring task","no",NA,NA,NA,NA,NA,NA,"1.777",NA,"0.183"
"Imagery","Decrease","Immediate post","Intrusion frequency","Lab-based intrusion monitoring task","no","513","6","8","11","0.82"," [0.63, 1.01]",NA,"8.581773","0.000000"
"Verbal","Decrease","Immediate post","Intrusion frequency","Lab-based intrusion monitoring task","no","150","2","2","2","0.58"," [0.27, 0.88]",NA,"3.714796","0.000203"
"Moderation Analysis: Step4_Hypothesized_mechanism","Decrease","Immediate post","Intrusion frequency","Lab-based intrusion monitoring task","yes",NA,NA,NA,NA,NA,NA,"1.777",NA,"0.183"
"Imagery","Decrease","Immediate post","Intrusion frequency","Lab-based intrusion monitoring task","yes","513","6","8","11","0.82"," [0.63, 1.01]",NA,"8.581773","0.000000"
"Verbal","Decrease","Immediate post","Intrusion frequency","Lab-based intrusion monitoring task","yes","150","2","2","2","0.58"," [0.27, 0.88]",NA,"3.714796","0.000203"
"Moderation Analysis: Step4_Hypothesized_mechanism","Decrease","Peri","Intrusion frequency","Lab-based intrusion monitoring task","no",NA,NA,NA,NA,NA,NA,"0.333",NA,"0.564"
"Emotion","Decrease","Peri","Intrusion frequency","Lab-based intrusion monitoring task","no","89","1","1","1","0.51"," [-0.04, 1.07]",NA,"1.803378","0.071329"
"Imagery","Decrease","Peri","Intrusion frequency","Lab-based intrusion monitoring task","no","86","1","1","1","0.74"," [0.20, 1.29]",NA,"2.668329","0.007623"
"Moderation Analysis: Step4_Hypothesized_mechanism","Decrease","Peri","Intrusion frequency","Lab-based intrusion monitoring task","yes",NA,NA,NA,NA,NA,NA,"0.333",NA,"0.564"
"Emotion","Decrease","Peri","Intrusion frequency","Lab-based intrusion monitoring task","yes","89","1","1","1","0.51"," [-0.04, 1.07]",NA,"1.803378","0.071329"
"Imagery","Decrease","Peri","Intrusion frequency","Lab-based intrusion monitoring task","yes","86","1","1","1","0.74"," [0.20, 1.29]",NA,"2.668329","0.007623"
"Moderation Analysis: Step4_Hypothesized_mechanism","Decrease","Pre","Intrusion frequency","Lab-based intrusion monitoring task","no",NA,NA,NA,NA,NA,NA,"3.887",NA,"0.049"
"Emotion","Decrease","Pre","Intrusion frequency","Lab-based intrusion monitoring task","no","48","1","1","2","0.54"," [0.13, 0.96]",NA,"2.586367","0.009699"
"Imagery","Decrease","Pre","Intrusion frequency","Lab-based intrusion monitoring task","no","56","1","1","1","-0.13"," [-0.66, 0.40]",NA,"-0.482604","0.629377"
"Moderation Analysis: Step4_Hypothesized_mechanism","Decrease","Pre","Intrusion frequency","Lab-based intrusion monitoring task","yes",NA,NA,NA,NA,NA,NA,"3.887",NA,"0.049"
"Emotion","Decrease","Pre","Intrusion frequency","Lab-based intrusion monitoring task","yes","48","1","1","2","0.54"," [0.13, 0.96]",NA,"2.586367","0.009699"
"Imagery","Decrease","Pre","Intrusion frequency","Lab-based intrusion monitoring task","yes","56","1","1","1","-0.13"," [-0.66, 0.40]",NA,"-0.482604","0.629377"
"Moderation Analysis: Step4_Hypothesized_mechanism","Increase","Immediate post","Intrusion frequency","Lab-based intrusion monitoring task","no",NA,NA,NA,NA,NA,NA,"7.311",NA,"0.120"
"Emotion","Increase","Immediate post","Intrusion frequency","Lab-based intrusion monitoring task","no","81","1","1","2","0.02"," [-0.35, 0.40]",NA,"0.109770","0.912591"
"Imagery","Increase","Immediate post","Intrusion frequency","Lab-based intrusion monitoring task","no","269","2","2","5","0.10"," [-0.15, 0.36]",NA,"0.794866","0.426691"
"Imagery + verbal","Increase","Immediate post","Intrusion frequency","Lab-based intrusion monitoring task","no","135","1","2","2","0.64"," [0.22, 1.06]",NA,"2.986968","0.002818"
"Verbal","Increase","Immediate post","Intrusion frequency","Lab-based intrusion monitoring task","no","205","2","3","7","0.05"," [-0.14, 0.24]",NA,"0.507042","0.612126"
"Verbal + imagery","Increase","Immediate post","Intrusion frequency","Lab-based intrusion monitoring task","no","200","2","2","4","0.26"," [-0.04, 0.55]",NA,"1.692199","0.090608"
"Moderation Analysis: Step4_Hypothesized_mechanism","Increase","Immediate post","Intrusion frequency","Lab-based intrusion monitoring task","yes",NA,NA,NA,NA,NA,NA,"7.311",NA,"0.120"
"Emotion","Increase","Immediate post","Intrusion frequency","Lab-based intrusion monitoring task","yes","81","1","1","2","0.02"," [-0.35, 0.40]",NA,"0.109770","0.912591"
"Imagery","Increase","Immediate post","Intrusion frequency","Lab-based intrusion monitoring task","yes","269","2","2","5","0.10"," [-0.15, 0.36]",NA,"0.794866","0.426691"
"Imagery + verbal","Increase","Immediate post","Intrusion frequency","Lab-based intrusion monitoring task","yes","135","1","2","2","0.64"," [0.22, 1.06]",NA,"2.986968","0.002818"
"Verbal","Increase","Immediate post","Intrusion frequency","Lab-based intrusion monitoring task","yes","205","2","3","7","0.05"," [-0.14, 0.24]",NA,"0.507042","0.612126"
"Verbal + imagery","Increase","Immediate post","Intrusion frequency","Lab-based intrusion monitoring task","yes","200","2","2","4","0.26"," [-0.04, 0.55]",NA,"1.692199","0.090608"
"Moderation Analysis: Step4_Hypothesized_mechanism","Increase","Peri","Intrusion frequency","Lab-based intrusion monitoring task","no",NA,NA,NA,NA,NA,NA,"23.282",NA,"0.000"
"Emotion","Increase","Peri","Intrusion frequency","Lab-based intrusion monitoring task","no","171","2","2","2","0.60"," [0.26, 0.94]",NA,"3.430725","0.000602"
"Verbal","Increase","Peri","Intrusion frequency","Lab-based intrusion monitoring task","no","175","2","2","2","-0.65"," [-1.02, -0.28]",NA,"-3.401131","0.000671"
"Moderation Analysis: Step4_Hypothesized_mechanism","Increase","Peri","Intrusion frequency","Lab-based intrusion monitoring task","yes",NA,NA,NA,NA,NA,NA,"9.107",NA,"0.003"
"Emotion","Increase","Peri","Intrusion frequency","Lab-based intrusion monitoring task","yes","82","1","1","1","0.43"," [-0.00, 0.87]",NA,"1.942446","0.052083"
"Verbal","Increase","Peri","Intrusion frequency","Lab-based intrusion monitoring task","yes","110","1","1","1","-0.55"," [-1.02, -0.08]",NA,"-2.315244","0.020600"
"Moderation Analysis: Step3_Technique_procedure","Increase","Pre","Intrusion frequency","Lab-based intrusion monitoring task","no",NA,NA,NA,NA,NA,NA,"5.444",NA,"0.020"
"Behavioural","Increase","Pre","Intrusion frequency","Lab-based intrusion monitoring task","no","194","2","2","3","0.15"," [-0.24, 0.55]",NA,"0.761540","0.446335"
"Pharmacological","Increase","Pre","Intrusion frequency","Lab-based intrusion monitoring task","no","54","1","1","1","-0.77"," [-1.44, -0.10]",NA,"-2.259646","0.023843"
"Moderation Analysis: Step4_Hypothesized_mechanism","Unspecified","Immediate post","Intrusion frequency","Lab-based intrusion monitoring task","no",NA,NA,NA,NA,NA,NA,"0.946",NA,"0.331"
"Imagery","Unspecified","Immediate post","Intrusion frequency","Lab-based intrusion monitoring task","no","229","2","2","3","0.22"," [-0.19, 0.63]",NA,"1.042297","0.297274"
"Verbal","Unspecified","Immediate post","Intrusion frequency","Lab-based intrusion monitoring task","no","80","1","1","2","-0.07"," [-0.59, 0.46]",NA,"-0.255581","0.798275"
"Moderation Analysis: Step4_Hypothesized_mechanism","Unspecified","Immediate post","Intrusion frequency","Lab-based intrusion monitoring task","yes",NA,NA,NA,NA,NA,NA,"0.946",NA,"0.331"
"Imagery","Unspecified","Immediate post","Intrusion frequency","Lab-based intrusion monitoring task","yes","229","2","2","3","0.22"," [-0.19, 0.63]",NA,"1.042297","0.297274"
"Verbal","Unspecified","Immediate post","Intrusion frequency","Lab-based intrusion monitoring task","yes","80","1","1","2","-0.07"," [-0.59, 0.46]",NA,"-0.255581","0.798275"
"Moderation Analysis: Step4_Hypothesized_mechanism","All","Immediate post","Intrusion frequency","Self-report questionnaire","no",NA,NA,NA,NA,NA,NA,"2.027",NA,"0.567"
"Emotion","All","Immediate post","Intrusion frequency","Self-report questionnaire","no","240","2","2","3","0.19"," [-0.32, 0.71]",NA,"0.744847","0.456364"
"Imagery","All","Immediate post","Intrusion frequency","Self-report questionnaire","no","285","3","3","4","0.35"," [-0.07, 0.76]",NA,"1.646733","0.099613"
"Verbal","All","Immediate post","Intrusion frequency","Self-report questionnaire","no","455","5","5","17","0.08"," [-0.22, 0.39]",NA,"0.545330","0.585526"
"Verbal vs. Imagery","All","Immediate post","Intrusion frequency","Self-report questionnaire","no","34","1","1","1","0.58"," [-0.36, 1.52]",NA,"1.209196","0.226588"
"Moderation Analysis: Step4_Hypothesized_mechanism","All","Immediate post","Intrusion frequency","Self-report questionnaire","yes",NA,NA,NA,NA,NA,NA,"2.033",NA,"0.566"
"Emotion","All","Immediate post","Intrusion frequency","Self-report questionnaire","yes","240","2","2","3","0.14"," [-0.33, 0.61]",NA,"0.579069","0.562543"
"Imagery","All","Immediate post","Intrusion frequency","Self-report questionnaire","yes","285","3","3","3","0.31"," [-0.10, 0.71]",NA,"1.482981","0.138079"
"Verbal","All","Immediate post","Intrusion frequency","Self-report questionnaire","yes","455","5","5","17","0.07"," [-0.20, 0.35]",NA,"0.511531","0.608980"
"Verbal vs. Imagery","All","Immediate post","Intrusion frequency","Self-report questionnaire","yes","34","1","1","1","0.58"," [-0.31, 1.47]",NA,"1.282419","0.199696"
"Moderation Analysis: Step4_Hypothesized_mechanism","All","Peri","Intrusion frequency","Self-report questionnaire","no",NA,NA,NA,NA,NA,NA,"3.240",NA,"0.198"
"Emotion","All","Peri","Intrusion frequency","Self-report questionnaire","no","56","1","1","2","0.44"," [-0.02, 0.91]",NA,"1.859317","0.062982"
"Imagery","All","Peri","Intrusion frequency","Self-report questionnaire","no","73","1","1","1","-0.21"," [-0.78, 0.37]",NA,"-0.700195","0.483805"
"Verbal","All","Peri","Intrusion frequency","Self-report questionnaire","no","73","1","1","1","-0.01"," [-0.57, 0.56]",NA,"-0.021301","0.983006"
"Moderation Analysis: Step4_Hypothesized_mechanism","All","Peri","Intrusion frequency","Self-report questionnaire","yes",NA,NA,NA,NA,NA,NA,"3.240",NA,"0.198"
"Emotion","All","Peri","Intrusion frequency","Self-report questionnaire","yes","56","1","1","2","0.44"," [-0.02, 0.91]",NA,"1.859317","0.062982"
"Imagery","All","Peri","Intrusion frequency","Self-report questionnaire","yes","73","1","1","1","-0.21"," [-0.78, 0.37]",NA,"-0.700195","0.483805"
"Verbal","All","Peri","Intrusion frequency","Self-report questionnaire","yes","73","1","1","1","-0.01"," [-0.57, 0.56]",NA,"-0.021301","0.983006"
"Moderation Analysis: Step3_Technique_procedure","All","Pre","Intrusion frequency","Self-report questionnaire","no",NA,NA,NA,NA,NA,NA,"2.081",NA,"0.149"
"Behavioural","All","Pre","Intrusion frequency","Self-report questionnaire","no","33","1","1","1","0.80"," [0.09, 1.51]",NA,"2.201046","0.027733"
"Neuromodulation","All","Pre","Intrusion frequency","Self-report questionnaire","no","118","1","1","2","0.23"," [-0.09, 0.54]",NA,"1.384824","0.166106"
"Moderation Analysis: Step3_Technique_procedure","All","Pre","Intrusion frequency","Self-report questionnaire","yes",NA,NA,NA,NA,NA,NA,"2.081",NA,"0.149"
"Behavioural","All","Pre","Intrusion frequency","Self-report questionnaire","yes","33","1","1","1","0.80"," [0.09, 1.51]",NA,"2.201046","0.027733"
"Neuromodulation","All","Pre","Intrusion frequency","Self-report questionnaire","yes","118","1","1","2","0.23"," [-0.09, 0.54]",NA,"1.384824","0.166106"
"Moderation Analysis: Step4_Hypothesized_mechanism","Decrease","Immediate post","Intrusion frequency","Self-report questionnaire","no",NA,NA,NA,NA,NA,NA,"9.658",NA,"0.022"
"Emotion","Decrease","Immediate post","Intrusion frequency","Self-report questionnaire","no","56","1","1","1","0.95"," [0.15, 1.74]",NA,"2.343820","0.019087"
"Imagery","Decrease","Immediate post","Intrusion frequency","Self-report questionnaire","no","229","2","2","3","0.65"," [0.36, 0.94]",NA,"4.396008","0.000011"
"Verbal","Decrease","Immediate post","Intrusion frequency","Self-report questionnaire","no","297","3","3","7","0.18"," [-0.01, 0.38]",NA,"1.820893","0.068623"
"Verbal vs. Imagery","Decrease","Immediate post","Intrusion frequency","Self-report questionnaire","no","34","1","1","1","0.58"," [-0.13, 1.29]",NA,"1.610376","0.107316"
"Moderation Analysis: Step4_Hypothesized_mechanism","Decrease","Immediate post","Intrusion frequency","Self-report questionnaire","yes",NA,NA,NA,NA,NA,NA,"9.658",NA,"0.022"
"Emotion","Decrease","Immediate post","Intrusion frequency","Self-report questionnaire","yes","56","1","1","1","0.95"," [0.15, 1.74]",NA,"2.343820","0.019087"
"Imagery","Decrease","Immediate post","Intrusion frequency","Self-report questionnaire","yes","229","2","2","3","0.65"," [0.36, 0.94]",NA,"4.396008","0.000011"
"Verbal","Decrease","Immediate post","Intrusion frequency","Self-report questionnaire","yes","297","3","3","7","0.18"," [-0.01, 0.38]",NA,"1.820893","0.068623"
"Verbal vs. Imagery","Decrease","Immediate post","Intrusion frequency","Self-report questionnaire","yes","34","1","1","1","0.58"," [-0.13, 1.29]",NA,"1.610376","0.107316"
"Moderation Analysis: Step4_Hypothesized_mechanism","Decrease","Peri","Intrusion frequency","Self-report questionnaire","no",NA,NA,NA,NA,NA,NA,"2.447",NA,"0.118"
"Emotion","Decrease","Peri","Intrusion frequency","Self-report questionnaire","no","56","1","1","1","0.68"," [0.03, 1.34]",NA,"2.041163","0.041235"
"Verbal","Decrease","Peri","Intrusion frequency","Self-report questionnaire","no","73","1","1","1","-0.01"," [-0.57, 0.55]",NA,"-0.021590","0.982775"
"Moderation Analysis: Step4_Hypothesized_mechanism","Decrease","Peri","Intrusion frequency","Self-report questionnaire","yes",NA,NA,NA,NA,NA,NA,"2.447",NA,"0.118"
"Emotion","Decrease","Peri","Intrusion frequency","Self-report questionnaire","yes","56","1","1","1","0.68"," [0.03, 1.34]",NA,"2.041163","0.041235"
"Verbal","Decrease","Peri","Intrusion frequency","Self-report questionnaire","yes","73","1","1","1","-0.01"," [-0.57, 0.55]",NA,"-0.021590","0.982775"
"Moderation Analysis: Step3_Technique_procedure","Decrease","Pre","Intrusion frequency","Self-report questionnaire","no",NA,NA,NA,NA,NA,NA,"2.182",NA,"0.140"
"Behavioural","Decrease","Pre","Intrusion frequency","Self-report questionnaire","no","33","1","1","1","0.80"," [0.09, 1.51]",NA,"2.209430","0.027145"
"Neuromodulation","Decrease","Pre","Intrusion frequency","Self-report questionnaire","no","118","1","1","1","0.17"," [-0.27, 0.61]",NA,"0.763050","0.445434"
"Moderation Analysis: Step3_Technique_procedure","Decrease","Pre","Intrusion frequency","Self-report questionnaire","yes",NA,NA,NA,NA,NA,NA,"2.182",NA,"0.140"
"Behavioural","Decrease","Pre","Intrusion frequency","Self-report questionnaire","yes","33","1","1","1","0.80"," [0.09, 1.51]",NA,"2.209430","0.027145"
"Neuromodulation","Decrease","Pre","Intrusion frequency","Self-report questionnaire","yes","118","1","1","1","0.17"," [-0.27, 0.61]",NA,"0.763050","0.445434"
"Moderation Analysis: Step4_Hypothesized_mechanism","Increase","Peri","Intrusion frequency","Self-report questionnaire","no",NA,NA,NA,NA,NA,NA,"0.893",NA,"0.345"
"Emotion","Increase","Peri","Intrusion frequency","Self-report questionnaire","no","56","1","1","1","0.21"," [-0.44, 0.86]",NA,"0.634774","0.525576"
"Imagery","Increase","Peri","Intrusion frequency","Self-report questionnaire","no","73","1","1","1","-0.21"," [-0.77, 0.36]",NA,"-0.709462","0.478038"
"Moderation Analysis: Step4_Hypothesized_mechanism","Increase","Peri","Intrusion frequency","Self-report questionnaire","yes",NA,NA,NA,NA,NA,NA,"0.893",NA,"0.345"
"Emotion","Increase","Peri","Intrusion frequency","Self-report questionnaire","yes","56","1","1","1","0.21"," [-0.44, 0.86]",NA,"0.634774","0.525576"
"Imagery","Increase","Peri","Intrusion frequency","Self-report questionnaire","yes","73","1","1","1","-0.21"," [-0.77, 0.36]",NA,"-0.709462","0.478038"
"Moderation Analysis: Step4_Hypothesized_mechanism","Unspecified","Immediate post","Intrusion frequency","Self-report questionnaire","no",NA,NA,NA,NA,NA,NA,"0.034",NA,"0.983"
"Emotion","Unspecified","Immediate post","Intrusion frequency","Self-report questionnaire","no","240","2","2","2","-0.02"," [-0.67, 0.64]",NA,"-0.046136","0.963202"
"Imagery","Unspecified","Immediate post","Intrusion frequency","Self-report questionnaire","no","56","1","1","1","-0.07"," [-1.05, 0.91]",NA,"-0.145909","0.883993"
"Verbal","Unspecified","Immediate post","Intrusion frequency","Self-report questionnaire","no","184","2","2","4","0.03"," [-0.57, 0.64]",NA,"0.113976","0.909257"
"Moderation Analysis: Step4_Hypothesized_mechanism","Unspecified","Immediate post","Intrusion frequency","Self-report questionnaire","yes",NA,NA,NA,NA,NA,NA,"2.177",NA,"0.337"
"Emotion","Unspecified","Immediate post","Intrusion frequency","Self-report questionnaire","yes","56","1","1","1","0.61"," [-0.15, 1.38]",NA,"1.566509","0.117229"
"Imagery","Unspecified","Immediate post","Intrusion frequency","Self-report questionnaire","yes","56","1","1","1","0.25"," [-0.50, 1.00]",NA,"0.643472","0.519918"
"Verbal","Unspecified","Immediate post","Intrusion frequency","Self-report questionnaire","yes","184","2","2","4","0.02"," [-0.24, 0.28]",NA,"0.177777","0.858898"
"Moderation Analysis: Step4_Hypothesized_mechanism","All","Delayed post","Intrusion symptoms",NA,"no",NA,NA,NA,NA,NA,NA,"1.363",NA,"0.506"
"Emotion","All","Delayed post","Intrusion symptoms",NA,"no","132","2","2","2","-0.09"," [-0.70, 0.52]",NA,"-0.299196","0.764790"
"Imagery","All","Delayed post","Intrusion symptoms",NA,"no","476","5","6","10","0.09"," [-0.28, 0.46]",NA,"0.470155","0.638244"
"Verbal","All","Delayed post","Intrusion symptoms",NA,"no","86","1","1","1","-0.28"," [-1.00, 0.44]",NA,"-0.765596","0.443917"
"Moderation Analysis: Step4_Hypothesized_mechanism","All","Delayed post","Intrusion symptoms",NA,"yes",NA,NA,NA,NA,NA,NA,"1.133",NA,"0.567"
"Emotion","All","Delayed post","Intrusion symptoms",NA,"yes","69","1","1","1","0.19"," [-0.67, 1.05]",NA,"0.439126","0.660570"
"Imagery","All","Delayed post","Intrusion symptoms",NA,"yes","476","5","6","10","0.06"," [-0.30, 0.42]",NA,"0.324990","0.745189"
"Verbal","All","Delayed post","Intrusion symptoms",NA,"yes","86","1","1","1","-0.29"," [-0.99, 0.42]",NA,"-0.800071","0.423670"
"Moderation Analysis: Step3_Technique_procedure","All","Immediate post","Intrusion symptoms",NA,"no",NA,NA,NA,NA,NA,NA,"1.239",NA,"0.266"
"Behavioural","All","Immediate post","Intrusion symptoms",NA,"no","2776","29","34","61","0.08"," [-0.03, 0.19]",NA,"1.435395","0.151175"
"Pharmacological","All","Immediate post","Intrusion symptoms",NA,"no","88","1","1","2","0.43"," [-0.18, 1.04]",NA,"1.394931","0.163037"
"Moderation Analysis: Step3_Technique_procedure","All","Immediate post","Intrusion symptoms",NA,"yes",NA,NA,NA,NA,NA,NA,"1.285",NA,"0.257"
"Behavioural","All","Immediate post","Intrusion symptoms",NA,"yes","2731","28","33","57","0.12"," [0.03, 0.22]",NA,"2.475990","0.013287"
"Pharmacological","All","Immediate post","Intrusion symptoms",NA,"yes","88","1","1","2","0.43"," [-0.09, 0.96]",NA,"1.612108","0.106938"
"Moderation Analysis: Step4_Hypothesized_mechanism","All","Immediate post","Intrusion symptoms",NA,"no",NA,NA,NA,NA,NA,NA,"6.487",NA,"0.090"
"Emotion","All","Immediate post","Intrusion symptoms",NA,"no","345","3","3","4","-0.07"," [-0.47, 0.33]",NA,"-0.359280","0.719386"
"Imagery","All","Immediate post","Intrusion symptoms",NA,"no","863","10","11","20","-0.06"," [-0.25, 0.14]",NA,"-0.568195","0.569903"
"Imagery + verbal","All","Immediate post","Intrusion symptoms",NA,"no","250","1","3","3","0.56"," [0.05, 1.07]",NA,"2.165777","0.030328"
"Verbal","All","Immediate post","Intrusion symptoms",NA,"no","715","7","8","14","0.18"," [-0.06, 0.41]",NA,"1.479276","0.139066"
"Moderation Analysis: Step4_Hypothesized_mechanism","All","Immediate post","Intrusion symptoms",NA,"yes",NA,NA,NA,NA,NA,NA,"11.913",NA,"0.008"
"Emotion","All","Immediate post","Intrusion symptoms",NA,"yes","345","3","3","4","-0.07"," [-0.32, 0.17]",NA,"-0.564176","0.572634"
"Imagery","All","Immediate post","Intrusion symptoms",NA,"yes","863","10","11","18","0.04"," [-0.10, 0.18]",NA,"0.525578","0.599181"
"Imagery + verbal","All","Immediate post","Intrusion symptoms",NA,"yes","250","1","3","3","0.55"," [0.20, 0.90]",NA,"3.080395","0.002067"
"Verbal","All","Immediate post","Intrusion symptoms",NA,"yes","670","6","7","12","0.25"," [0.09, 0.40]",NA,"3.091642","0.001991"
"Moderation Analysis: Step4_Hypothesized_mechanism","All","Peri","Intrusion symptoms",NA,"no",NA,NA,NA,NA,NA,NA,"1.085",NA,"0.581"
"Emotion","All","Peri","Intrusion symptoms",NA,"no","118","2","2","2","0.18"," [-0.20, 0.56]",NA,"0.926231","0.354326"
"Imagery","All","Peri","Intrusion symptoms",NA,"no","337","3","3","3","0.16"," [-0.17, 0.50]",NA,"0.951479","0.341361"
"Verbal","All","Peri","Intrusion symptoms",NA,"no","512","5","5","6","-0.01"," [-0.23, 0.22]",NA,"-0.046255","0.963107"
"Moderation Analysis: Step4_Hypothesized_mechanism","All","Peri","Intrusion symptoms",NA,"yes",NA,NA,NA,NA,NA,NA,"1.085",NA,"0.581"
"Emotion","All","Peri","Intrusion symptoms",NA,"yes","118","2","2","2","0.18"," [-0.20, 0.56]",NA,"0.926231","0.354326"
"Imagery","All","Peri","Intrusion symptoms",NA,"yes","337","3","3","3","0.16"," [-0.17, 0.50]",NA,"0.951479","0.341361"
"Verbal","All","Peri","Intrusion symptoms",NA,"yes","512","5","5","6","-0.01"," [-0.23, 0.22]",NA,"-0.046255","0.963107"
"Moderation Analysis: Step4_Hypothesized_mechanism","All","Pre","Intrusion symptoms",NA,"no",NA,NA,NA,NA,NA,NA,"0.435",NA,"0.510"
"Emotion","All","Pre","Intrusion symptoms",NA,"no","52","1","1","1","0.23"," [-0.78, 1.23]",NA,"0.446915","0.654936"
"Verbal","All","Pre","Intrusion symptoms",NA,"no","378","2","2","3","-0.17"," [-0.80, 0.46]",NA,"-0.529766","0.596274"
"Moderation Analysis: Step4_Hypothesized_mechanism","All","Pre","Intrusion symptoms",NA,"yes",NA,NA,NA,NA,NA,NA,"0.435",NA,"0.510"
"Emotion","All","Pre","Intrusion symptoms",NA,"yes","52","1","1","1","0.23"," [-0.78, 1.23]",NA,"0.446915","0.654936"
"Verbal","All","Pre","Intrusion symptoms",NA,"yes","378","2","2","3","-0.17"," [-0.80, 0.46]",NA,"-0.529766","0.596274"
"Moderation Analysis: Step3_Technique_procedure","Decrease","Immediate post","Intrusion symptoms",NA,"no",NA,NA,NA,NA,NA,NA,"0.704",NA,"0.401"
"Behavioural","Decrease","Immediate post","Intrusion symptoms",NA,"no","2046","19","23","32","0.22"," [0.10, 0.33]",NA,"3.686465","0.000227"
"Pharmacological","Decrease","Immediate post","Intrusion symptoms",NA,"no","88","1","1","2","0.43"," [-0.06, 0.93]",NA,"1.732058","0.083263"
"Moderation Analysis: Step3_Technique_procedure","Decrease","Immediate post","Intrusion symptoms",NA,"yes",NA,NA,NA,NA,NA,NA,"0.594",NA,"0.441"
"Behavioural","Decrease","Immediate post","Intrusion symptoms",NA,"yes","1997","18","22","30","0.27"," [0.17, 0.37]",NA,"5.259590","0.000000"
"Pharmacological","Decrease","Immediate post","Intrusion symptoms",NA,"yes","88","1","1","2","0.43"," [0.02, 0.85]",NA,"2.057380","0.039650"
"Moderation Analysis: Step4_Hypothesized_mechanism","Decrease","Immediate post","Intrusion symptoms",NA,"no",NA,NA,NA,NA,NA,NA,"7.745",NA,"0.052"
"Emotion","Decrease","Immediate post","Intrusion symptoms",NA,"no","267","2","2","3","-0.05"," [-0.33, 0.24]",NA,"-0.323001","0.746694"
"Imagery","Decrease","Immediate post","Intrusion symptoms",NA,"no","552","6","7","9","0.17"," [-0.03, 0.36]",NA,"1.646086","0.099746"
"Imagery + verbal","Decrease","Immediate post","Intrusion symptoms",NA,"no","250","1","3","3","0.56"," [0.20, 0.92]",NA,"3.073325","0.002117"
"Verbal","Decrease","Immediate post","Intrusion symptoms",NA,"no","554","5","5","7","0.30"," [0.10, 0.50]",NA,"2.930285","0.003387"
"Moderation Analysis: Step4_Hypothesized_mechanism","Decrease","Immediate post","Intrusion symptoms",NA,"yes",NA,NA,NA,NA,NA,NA,"4.313",NA,"0.230"
"Emotion","Decrease","Immediate post","Intrusion symptoms",NA,"yes","267","2","2","2","0.13"," [-0.21, 0.46]",NA,"0.735945","0.461764"
"Imagery","Decrease","Immediate post","Intrusion symptoms",NA,"yes","552","6","7","9","0.16"," [-0.04, 0.36]",NA,"1.607149","0.108022"
"Imagery + verbal","Decrease","Immediate post","Intrusion symptoms",NA,"yes","250","1","3","3","0.56"," [0.21, 0.91]",NA,"3.109635","0.001873"
"Verbal","Decrease","Immediate post","Intrusion symptoms",NA,"yes","554","5","5","7","0.28"," [0.08, 0.49]",NA,"2.724401","0.006442"
"Moderation Analysis: Step4_Hypothesized_mechanism","Decrease","Peri","Intrusion symptoms",NA,"no",NA,NA,NA,NA,NA,NA,"0.026",NA,"0.872"
"Emotion","Decrease","Peri","Intrusion symptoms",NA,"no","63","1","1","1","0.36"," [-0.15, 0.87]",NA,"1.385963","0.165758"
"Imagery","Decrease","Peri","Intrusion symptoms",NA,"no","126","2","2","2","0.31"," [-0.14, 0.75]",NA,"1.349321","0.177234"
"Moderation Analysis: Step4_Hypothesized_mechanism","Decrease","Peri","Intrusion symptoms",NA,"yes",NA,NA,NA,NA,NA,NA,"0.026",NA,"0.872"
"Emotion","Decrease","Peri","Intrusion symptoms",NA,"yes","63","1","1","1","0.36"," [-0.15, 0.87]",NA,"1.385963","0.165758"
"Imagery","Decrease","Peri","Intrusion symptoms",NA,"yes","126","2","2","2","0.31"," [-0.14, 0.75]",NA,"1.349321","0.177234"
"Moderation Analysis: Step4_Hypothesized_mechanism","Increase","Delayed post","Intrusion symptoms",NA,"no",NA,NA,NA,NA,NA,NA,"0.055",NA,"0.815"
"Emotion","Increase","Delayed post","Intrusion symptoms",NA,"no","63","1","1","1","-0.77"," [-1.39, -0.14]",NA,"-2.400478","0.016374"
"Imagery","Increase","Delayed post","Intrusion symptoms",NA,"no","63","1","1","1","-0.66"," [-1.28, -0.04]",NA,"-2.088670","0.036737"
"Moderation Analysis: Step4_Hypothesized_mechanism","Increase","Delayed post","Intrusion symptoms",NA,"yes",NA,NA,NA,NA,NA,NA,"0.055",NA,"0.815"
"Emotion","Increase","Delayed post","Intrusion symptoms",NA,"yes","63","1","1","1","-0.77"," [-1.39, -0.14]",NA,"-2.400478","0.016374"
"Imagery","Increase","Delayed post","Intrusion symptoms",NA,"yes","63","1","1","1","-0.66"," [-1.28, -0.04]",NA,"-2.088670","0.036737"
"Moderation Analysis: Step4_Hypothesized_mechanism","Increase","Immediate post","Intrusion symptoms",NA,"no",NA,NA,NA,NA,NA,NA,"0.368",NA,"0.832"
"Emotion","Increase","Immediate post","Intrusion symptoms",NA,"no","78","1","1","1","-0.15"," [-1.70, 1.40]",NA,"-0.189065","0.850042"
"Imagery","Increase","Immediate post","Intrusion symptoms",NA,"no","335","4","4","6","-0.54"," [-1.29, 0.21]",NA,"-1.401451","0.161079"
"Verbal","Increase","Immediate post","Intrusion symptoms",NA,"no","506","4","5","5","-0.25"," [-0.97, 0.46]",NA,"-0.698648","0.484772"
"Moderation Analysis: Step4_Hypothesized_mechanism","Increase","Immediate post","Intrusion symptoms",NA,"yes",NA,NA,NA,NA,NA,NA,"16.851",NA,"0.000"
"Emotion","Increase","Immediate post","Intrusion symptoms",NA,"yes","78","1","1","1","-0.15"," [-0.66, 0.36]",NA,"-0.576125","0.564531"
"Imagery","Increase","Immediate post","Intrusion symptoms",NA,"yes","335","4","4","6","-0.50"," [-0.74, -0.27]",NA,"-4.259178","0.000021"
"Verbal","Increase","Immediate post","Intrusion symptoms",NA,"yes","461","3","4","4","0.22"," [-0.04, 0.48]",NA,"1.693305","0.090398"
"Moderation Analysis: Step4_Hypothesized_mechanism","Increase","Peri","Intrusion symptoms",NA,"no",NA,NA,NA,NA,NA,NA,"0.083",NA,"0.773"
"Emotion","Increase","Peri","Intrusion symptoms",NA,"no","55","1","1","1","-0.01"," [-0.54, 0.52]",NA,"-0.047527","0.962093"
"Verbal","Increase","Peri","Intrusion symptoms",NA,"no","426","4","4","4","-0.10"," [-0.37, 0.17]",NA,"-0.735189","0.462224"
"Moderation Analysis: Step4_Hypothesized_mechanism","Increase","Peri","Intrusion symptoms",NA,"yes",NA,NA,NA,NA,NA,NA,"0.083",NA,"0.773"
"Emotion","Increase","Peri","Intrusion symptoms",NA,"yes","55","1","1","1","-0.01"," [-0.54, 0.52]",NA,"-0.047527","0.962093"
"Verbal","Increase","Peri","Intrusion symptoms",NA,"yes","426","4","4","4","-0.10"," [-0.37, 0.17]",NA,"-0.735189","0.462224"
"Moderation Analysis: Step4_Hypothesized_mechanism","Unspecified","Delayed post","Intrusion symptoms",NA,"no",NA,NA,NA,NA,NA,NA,"0.583",NA,"0.747"
"Emotion","Unspecified","Delayed post","Intrusion symptoms",NA,"no","69","1","1","1","0.19"," [-0.28, 0.67]",NA,"0.797844","0.424961"
"Imagery","Unspecified","Delayed post","Intrusion symptoms",NA,"no","126","2","2","3","-0.02"," [-0.40, 0.35]",NA,"-0.127944","0.898193"
"Verbal","Unspecified","Delayed post","Intrusion symptoms",NA,"no","86","1","1","1","-0.03"," [-0.55, 0.49]",NA,"-0.114006","0.909233"
"Moderation Analysis: Step4_Hypothesized_mechanism","Unspecified","Delayed post","Intrusion symptoms",NA,"yes",NA,NA,NA,NA,NA,NA,"0.583",NA,"0.747"
"Emotion","Unspecified","Delayed post","Intrusion symptoms",NA,"yes","69","1","1","1","0.19"," [-0.28, 0.67]",NA,"0.797844","0.424961"
"Imagery","Unspecified","Delayed post","Intrusion symptoms",NA,"yes","126","2","2","3","-0.02"," [-0.40, 0.35]",NA,"-0.127944","0.898193"
"Verbal","Unspecified","Delayed post","Intrusion symptoms",NA,"yes","86","1","1","1","-0.03"," [-0.55, 0.49]",NA,"-0.114006","0.909233"
"Moderation Analysis: Step4_Hypothesized_mechanism","Unspecified","Immediate post","Intrusion symptoms",NA,"no",NA,NA,NA,NA,NA,NA,"1.152",NA,"0.283"
"Imagery","Unspecified","Immediate post","Intrusion symptoms",NA,"no","397","5","5","5","0.09"," [-0.29, 0.46]",NA,"0.452270","0.651075"
"Verbal","Unspecified","Immediate post","Intrusion symptoms",NA,"no","117","2","2","2","0.48"," [-0.14, 1.10]",NA,"1.525651","0.127097"
"Moderation Analysis: Step4_Hypothesized_mechanism","Unspecified","Immediate post","Intrusion symptoms",NA,"yes",NA,NA,NA,NA,NA,NA,"0.075",NA,"0.784"
"Imagery","Unspecified","Immediate post","Intrusion symptoms",NA,"yes","397","5","5","5","0.12"," [-0.13, 0.38]",NA,"0.952751","0.340716"
"Verbal","Unspecified","Immediate post","Intrusion symptoms",NA,"yes","72","1","1","1","0.04"," [-0.53, 0.60]",NA,"0.130480","0.896187"
"Moderation Analysis: Step4_Hypothesized_mechanism","Unspecified","Peri","Intrusion symptoms",NA,"no",NA,NA,NA,NA,NA,NA,"0.198",NA,"0.656"
"Imagery","Unspecified","Peri","Intrusion symptoms",NA,"no","211","1","1","1","0.02"," [-0.45, 0.49]",NA,"0.078289","0.937598"
"Verbal","Unspecified","Peri","Intrusion symptoms",NA,"no","196","2","2","2","0.15"," [-0.19, 0.49]",NA,"0.858171","0.390798"
"Moderation Analysis: Step4_Hypothesized_mechanism","Unspecified","Peri","Intrusion symptoms",NA,"yes",NA,NA,NA,NA,NA,NA,"0.198",NA,"0.656"
"Imagery","Unspecified","Peri","Intrusion symptoms",NA,"yes","211","1","1","1","0.02"," [-0.45, 0.49]",NA,"0.078289","0.937598"
"Verbal","Unspecified","Peri","Intrusion symptoms",NA,"yes","196","2","2","2","0.15"," [-0.19, 0.49]",NA,"0.858171","0.390798"
"Moderation Analysis: Step3_Technique_procedure","All","Delayed post","Intrusion-related distress",NA,"no",NA,NA,NA,NA,NA,NA,"0.219",NA,"0.640"
"Behavioural","All","Delayed post","Intrusion-related distress",NA,"no","354","2","2","5","-0.09"," [-0.24, 0.07]",NA,"-1.084937","0.277950"
"Pharmacological","All","Delayed post","Intrusion-related distress",NA,"no","65","1","1","2","-0.18"," [-0.52, 0.17]",NA,"-1.001997","0.316345"
"Moderation Analysis: Step3_Technique_procedure","All","Delayed post","Intrusion-related distress",NA,"yes",NA,NA,NA,NA,NA,NA,"0.219",NA,"0.640"
"Behavioural","All","Delayed post","Intrusion-related distress",NA,"yes","354","2","2","5","-0.09"," [-0.24, 0.07]",NA,"-1.084937","0.277950"
"Pharmacological","All","Delayed post","Intrusion-related distress",NA,"yes","65","1","1","2","-0.18"," [-0.52, 0.17]",NA,"-1.001997","0.316345"
"Moderation Analysis: Step3_Technique_procedure","All","Immediate + delayed post","Intrusion-related distress",NA,"no",NA,NA,NA,NA,NA,NA,"12.684",NA,"0.000"
"Behavioural","All","Immediate + delayed post","Intrusion-related distress",NA,"no","139","2","2","4","-0.41"," [-0.68, -0.14]",NA,"-2.992844","0.002764"
"Pharmacological","All","Immediate + delayed post","Intrusion-related distress",NA,"no","112","1","1","2","0.38"," [0.04, 0.72]",NA,"2.174836","0.029642"
"Moderation Analysis: Step3_Technique_procedure","All","Immediate + delayed post","Intrusion-related distress",NA,"yes",NA,NA,NA,NA,NA,NA,"8.756",NA,"0.003"
"Behavioural","All","Immediate + delayed post","Intrusion-related distress",NA,"yes","139","2","2","3","-0.30"," [-0.62, 0.01]",NA,"-1.891927","0.058501"
"Pharmacological","All","Immediate + delayed post","Intrusion-related distress",NA,"yes","112","1","1","2","0.38"," [0.05, 0.70]",NA,"2.287366","0.022174"
"Moderation Analysis: Step3_Technique_procedure","All","Immediate post","Intrusion-related distress",NA,"no",NA,NA,NA,NA,NA,NA,"0.375",NA,"0.540"
"Behavioural","All","Immediate post","Intrusion-related distress",NA,"no","3097","34","38","81","0.05"," [-0.04, 0.14]",NA,"1.188927","0.234468"
"Pharmacological","All","Immediate post","Intrusion-related distress",NA,"no","290","2","2","3","0.17"," [-0.19, 0.54]",NA,"0.920961","0.357071"
"Moderation Analysis: Step3_Technique_procedure","All","Immediate post","Intrusion-related distress",NA,"yes",NA,NA,NA,NA,NA,NA,"0.059",NA,"0.808"
"Behavioural","All","Immediate post","Intrusion-related distress",NA,"yes","2992","32","36","79","0.06"," [-0.02, 0.13]",NA,"1.558213","0.119183"
"Pharmacological","All","Immediate post","Intrusion-related distress",NA,"yes","290","2","2","2","0.02"," [-0.31, 0.34]",NA,"0.110882","0.911710"
"Moderation Analysis: Step4_Hypothesized_mechanism","All","Immediate post","Intrusion-related distress",NA,"no",NA,NA,NA,NA,NA,NA,"3.071",NA,"0.546"
"Emotion","All","Immediate post","Intrusion-related distress",NA,"no","521","6","6","9","-0.15"," [-0.40, 0.10]",NA,"-1.143431","0.252860"
"Imagery","All","Immediate post","Intrusion-related distress",NA,"no","1448","15","16","25","0.10"," [-0.05, 0.26]",NA,"1.314285","0.188750"
"Imagery + verbal","All","Immediate post","Intrusion-related distress",NA,"no","289","2","3","3","-0.04"," [-0.41, 0.34]",NA,"-0.185459","0.852869"
"Verbal","All","Immediate post","Intrusion-related distress",NA,"no","468","6","7","22","0.01"," [-0.20, 0.21]",NA,"0.054126","0.956834"
"Verbal + imagery","All","Immediate post","Intrusion-related distress",NA,"no","200","2","2","2","0.10"," [-0.38, 0.58]",NA,"0.421830","0.673149"
"Moderation Analysis: Step4_Hypothesized_mechanism","All","Immediate post","Intrusion-related distress",NA,"yes",NA,NA,NA,NA,NA,NA,"1.472",NA,"0.832"
"Emotion","All","Immediate post","Intrusion-related distress",NA,"yes","482","5","5","8","0.01"," [-0.21, 0.22]",NA,"0.048862","0.961029"
"Imagery","All","Immediate post","Intrusion-related distress",NA,"yes","1382","14","15","24","0.09"," [-0.04, 0.21]",NA,"1.288581","0.197544"
"Imagery + verbal","All","Immediate post","Intrusion-related distress",NA,"yes","289","2","3","3","-0.04"," [-0.39, 0.30]",NA,"-0.246755","0.805098"
"Verbal","All","Immediate post","Intrusion-related distress",NA,"yes","468","6","7","22","-0.02"," [-0.18, 0.13]",NA,"-0.311385","0.755508"
"Verbal + imagery","All","Immediate post","Intrusion-related distress",NA,"yes","200","2","2","2","0.06"," [-0.39, 0.51]",NA,"0.269372","0.787643"
"Moderation Analysis: Step4_Hypothesized_mechanism","All","Peri","Intrusion-related distress",NA,"no",NA,NA,NA,NA,NA,NA,"0.287",NA,"0.866"
"Emotion","All","Peri","Intrusion-related distress",NA,"no","145","2","2","6","-0.03"," [-0.42, 0.37]",NA,"-0.127733","0.898361"
"Imagery","All","Peri","Intrusion-related distress",NA,"no","262","2","2","2","-0.07"," [-0.54, 0.40]",NA,"-0.294524","0.768358"
"Verbal","All","Peri","Intrusion-related distress",NA,"no","424","4","4","5","0.06"," [-0.26, 0.38]",NA,"0.362296","0.717131"
"Moderation Analysis: Step4_Hypothesized_mechanism","All","Peri","Intrusion-related distress",NA,"yes",NA,NA,NA,NA,NA,NA,"0.287",NA,"0.866"
"Emotion","All","Peri","Intrusion-related distress",NA,"yes","145","2","2","6","-0.03"," [-0.42, 0.37]",NA,"-0.127733","0.898361"
"Imagery","All","Peri","Intrusion-related distress",NA,"yes","262","2","2","2","-0.07"," [-0.54, 0.40]",NA,"-0.294524","0.768358"
"Verbal","All","Peri","Intrusion-related distress",NA,"yes","424","4","4","5","0.06"," [-0.26, 0.38]",NA,"0.362296","0.717131"
"Moderation Analysis: Step3_Technique_procedure","All","Pre","Intrusion-related distress",NA,"no",NA,NA,NA,NA,NA,NA,"3.667",NA,"0.160"
"Behavioural","All","Pre","Intrusion-related distress",NA,"no","621","9","9","15","0.23"," [0.00, 0.45]",NA,"1.965965","0.049303"
"Neuromodulation","All","Pre","Intrusion-related distress",NA,"no","118","1","1","2","-0.32"," [-0.96, 0.32]",NA,"-0.982914","0.325650"
"Pharmacological","All","Pre","Intrusion-related distress",NA,"no","394","4","4","5","-0.02"," [-0.34, 0.31]",NA,"-0.092091","0.926626"
"Moderation Analysis: Step3_Technique_procedure","All","Pre","Intrusion-related distress",NA,"yes",NA,NA,NA,NA,NA,NA,"3.667",NA,"0.160"
"Behavioural","All","Pre","Intrusion-related distress",NA,"yes","621","9","9","15","0.23"," [0.00, 0.45]",NA,"1.965965","0.049303"
"Neuromodulation","All","Pre","Intrusion-related distress",NA,"yes","118","1","1","2","-0.32"," [-0.96, 0.32]",NA,"-0.982914","0.325650"
"Pharmacological","All","Pre","Intrusion-related distress",NA,"yes","394","4","4","5","-0.02"," [-0.34, 0.31]",NA,"-0.092091","0.926626"
"Moderation Analysis: Step4_Hypothesized_mechanism","All","Pre","Intrusion-related distress",NA,"no",NA,NA,NA,NA,NA,NA,"0.761",NA,"0.383"
"Emotion","All","Pre","Intrusion-related distress",NA,"no","390","6","6","11","0.35"," [0.02, 0.69]",NA,"2.083493","0.037206"
"Imagery","All","Pre","Intrusion-related distress",NA,"no","64","1","1","1","-0.05"," [-0.88, 0.79]",NA,"-0.109848","0.912530"
"Moderation Analysis: Step4_Hypothesized_mechanism","All","Pre","Intrusion-related distress",NA,"yes",NA,NA,NA,NA,NA,NA,"0.761",NA,"0.383"
"Emotion","All","Pre","Intrusion-related distress",NA,"yes","390","6","6","11","0.35"," [0.02, 0.69]",NA,"2.083493","0.037206"
"Imagery","All","Pre","Intrusion-related distress",NA,"yes","64","1","1","1","-0.05"," [-0.88, 0.79]",NA,"-0.109848","0.912530"
"Moderation Analysis: Step3_Technique_procedure","Decrease","Delayed post","Intrusion-related distress",NA,"no",NA,NA,NA,NA,NA,NA,"0.219",NA,"0.640"
"Behavioural","Decrease","Delayed post","Intrusion-related distress",NA,"no","354","2","2","5","-0.09"," [-0.24, 0.07]",NA,"-1.084937","0.277950"
"Pharmacological","Decrease","Delayed post","Intrusion-related distress",NA,"no","65","1","1","2","-0.18"," [-0.52, 0.17]",NA,"-1.001997","0.316345"
"Moderation Analysis: Step3_Technique_procedure","Decrease","Delayed post","Intrusion-related distress",NA,"yes",NA,NA,NA,NA,NA,NA,"0.219",NA,"0.640"
"Behavioural","Decrease","Delayed post","Intrusion-related distress",NA,"yes","354","2","2","5","-0.09"," [-0.24, 0.07]",NA,"-1.084937","0.277950"
"Pharmacological","Decrease","Delayed post","Intrusion-related distress",NA,"yes","65","1","1","2","-0.18"," [-0.52, 0.17]",NA,"-1.001997","0.316345"
"Moderation Analysis: Step3_Technique_procedure","Decrease","Immediate post","Intrusion-related distress",NA,"no",NA,NA,NA,NA,NA,NA,"0.069",NA,"0.792"
"Behavioural","Decrease","Immediate post","Intrusion-related distress",NA,"no","2283","24","27","42","0.11"," [0.02, 0.21]",NA,"2.258825","0.023894"
"Pharmacological","Decrease","Immediate post","Intrusion-related distress",NA,"no","290","2","2","3","0.16"," [-0.16, 0.48]",NA,"0.976207","0.328962"
"Moderation Analysis: Step3_Technique_procedure","Decrease","Immediate post","Intrusion-related distress",NA,"yes",NA,NA,NA,NA,NA,NA,"0.285",NA,"0.594"
"Behavioural","Decrease","Immediate post","Intrusion-related distress",NA,"yes","2217","23","26","41","0.09"," [0.01, 0.18]",NA,"2.076580","0.037840"
"Pharmacological","Decrease","Immediate post","Intrusion-related distress",NA,"yes","290","2","2","2","0.01"," [-0.29, 0.31]",NA,"0.061956","0.950598"
"Moderation Analysis: Step4_Hypothesized_mechanism","Decrease","Immediate post","Intrusion-related distress",NA,"no",NA,NA,NA,NA,NA,NA,"3.743",NA,"0.291"
"Emotion","Decrease","Immediate post","Intrusion-related distress",NA,"no","341","3","3","4","-0.09"," [-0.36, 0.19]",NA,"-0.619069","0.535871"
"Imagery","Decrease","Immediate post","Intrusion-related distress",NA,"no","886","9","10","13","0.19"," [0.02, 0.36]",NA,"2.239261","0.025139"
"Imagery + verbal","Decrease","Immediate post","Intrusion-related distress",NA,"no","289","2","3","3","-0.05"," [-0.40, 0.30]",NA,"-0.280769","0.778887"
"Verbal","Decrease","Immediate post","Intrusion-related distress",NA,"no","272","4","4","9","0.05"," [-0.17, 0.27]",NA,"0.470488","0.638006"
"Moderation Analysis: Step4_Hypothesized_mechanism","Decrease","Immediate post","Intrusion-related distress",NA,"yes",NA,NA,NA,NA,NA,NA,"2.712",NA,"0.438"
"Emotion","Decrease","Immediate post","Intrusion-related distress",NA,"yes","341","3","3","4","-0.09"," [-0.34, 0.17]",NA,"-0.666616","0.505018"
"Imagery","Decrease","Immediate post","Intrusion-related distress",NA,"yes","820","8","9","12","0.15"," [-0.02, 0.32]",NA,"1.721426","0.085174"
"Imagery + verbal","Decrease","Immediate post","Intrusion-related distress",NA,"yes","289","2","3","3","-0.05"," [-0.39, 0.29]",NA,"-0.275159","0.783194"
"Verbal","Decrease","Immediate post","Intrusion-related distress",NA,"yes","272","4","4","9","0.05"," [-0.15, 0.25]",NA,"0.480367","0.630967"
"Moderation Analysis: Step4_Hypothesized_mechanism","Decrease","Peri","Intrusion-related distress",NA,"no",NA,NA,NA,NA,NA,NA,"0.046",NA,"0.829"
"Emotion","Decrease","Peri","Intrusion-related distress",NA,"no","145","2","2","3","0.01"," [-0.35, 0.38]",NA,"0.073195","0.941651"
"Imagery","Decrease","Peri","Intrusion-related distress",NA,"no","51","1","1","1","0.10"," [-0.58, 0.77]",NA,"0.284086","0.776344"
"Moderation Analysis: Step4_Hypothesized_mechanism","Decrease","Peri","Intrusion-related distress",NA,"yes",NA,NA,NA,NA,NA,NA,"0.046",NA,"0.829"
"Emotion","Decrease","Peri","Intrusion-related distress",NA,"yes","145","2","2","3","0.01"," [-0.35, 0.38]",NA,"0.073195","0.941651"
"Imagery","Decrease","Peri","Intrusion-related distress",NA,"yes","51","1","1","1","0.10"," [-0.58, 0.77]",NA,"0.284086","0.776344"
"Moderation Analysis: Step3_Technique_procedure","Decrease","Pre","Intrusion-related distress",NA,"no",NA,NA,NA,NA,NA,NA,"5.132",NA,"0.077"
"Behavioural","Decrease","Pre","Intrusion-related distress",NA,"no","423","6","6","8","0.36"," [0.06, 0.66]",NA,"2.387520","0.016962"
"Neuromodulation","Decrease","Pre","Intrusion-related distress",NA,"no","118","1","1","1","-0.47"," [-1.19, 0.25]",NA,"-1.276536","0.201766"
"Pharmacological","Decrease","Pre","Intrusion-related distress",NA,"no","139","2","2","2","0.02"," [-0.50, 0.55]",NA,"0.091394","0.927180"
"Moderation Analysis: Step3_Technique_procedure","Decrease","Pre","Intrusion-related distress",NA,"yes",NA,NA,NA,NA,NA,NA,"5.132",NA,"0.077"
"Behavioural","Decrease","Pre","Intrusion-related distress",NA,"yes","423","6","6","8","0.36"," [0.06, 0.66]",NA,"2.387520","0.016962"
"Neuromodulation","Decrease","Pre","Intrusion-related distress",NA,"yes","118","1","1","1","-0.47"," [-1.19, 0.25]",NA,"-1.276536","0.201766"
"Pharmacological","Decrease","Pre","Intrusion-related distress",NA,"yes","139","2","2","2","0.02"," [-0.50, 0.55]",NA,"0.091394","0.927180"
"Moderation Analysis: Step4_Hypothesized_mechanism","Decrease","Pre","Intrusion-related distress",NA,"no",NA,NA,NA,NA,NA,NA,"5.288",NA,"0.021"
"Emotion","Decrease","Pre","Intrusion-related distress",NA,"no","246","4","4","6","0.60"," [0.35, 0.84]",NA,"4.782994","0.000002"
"Imagery","Decrease","Pre","Intrusion-related distress",NA,"no","64","1","1","1","-0.05"," [-0.54, 0.44]",NA,"-0.187280","0.851441"
"Moderation Analysis: Step4_Hypothesized_mechanism","Decrease","Pre","Intrusion-related distress",NA,"yes",NA,NA,NA,NA,NA,NA,"5.288",NA,"0.021"
"Emotion","Decrease","Pre","Intrusion-related distress",NA,"yes","246","4","4","6","0.60"," [0.35, 0.84]",NA,"4.782994","0.000002"
"Imagery","Decrease","Pre","Intrusion-related distress",NA,"yes","64","1","1","1","-0.05"," [-0.54, 0.44]",NA,"-0.187280","0.851441"
"Moderation Analysis: Step4_Hypothesized_mechanism","Increase","Immediate post","Intrusion-related distress",NA,"no",NA,NA,NA,NA,NA,NA,"2.149",NA,"0.542"
"Emotion","Increase","Immediate post","Intrusion-related distress",NA,"no","120","2","2","3","-0.79"," [-1.70, 0.11]",NA,"-1.722356","0.085005"
"Imagery","Increase","Immediate post","Intrusion-related distress",NA,"no","340","3","3","4","-0.14"," [-0.79, 0.50]",NA,"-0.425894","0.670185"
"Verbal","Increase","Immediate post","Intrusion-related distress",NA,"no","116","1","2","10","-0.11"," [-0.93, 0.72]",NA,"-0.252218","0.800872"
"Verbal + imagery","Increase","Immediate post","Intrusion-related distress",NA,"no","200","2","2","2","0.05"," [-0.70, 0.81]",NA,"0.134495","0.893011"
"Moderation Analysis: Step4_Hypothesized_mechanism","Increase","Immediate post","Intrusion-related distress",NA,"yes",NA,NA,NA,NA,NA,NA,"0.310",NA,"0.958"
"Emotion","Increase","Immediate post","Intrusion-related distress",NA,"yes","81","1","1","2","0.03"," [-0.46, 0.52]",NA,"0.128864","0.897465"
"Imagery","Increase","Immediate post","Intrusion-related distress",NA,"yes","340","3","3","4","-0.03"," [-0.33, 0.27]",NA,"-0.198645","0.842540"
"Verbal","Increase","Immediate post","Intrusion-related distress",NA,"yes","116","1","2","10","-0.10"," [-0.38, 0.18]",NA,"-0.715502","0.474299"
"Verbal + imagery","Increase","Immediate post","Intrusion-related distress",NA,"yes","200","2","2","2","0.01"," [-0.46, 0.48]",NA,"0.041177","0.967155"
"Moderation Analysis: Step4_Hypothesized_mechanism","Increase","Peri","Intrusion-related distress",NA,"no",NA,NA,NA,NA,NA,NA,"0.060",NA,"0.807"
"Emotion","Increase","Peri","Intrusion-related distress",NA,"no","145","2","2","3","-0.09"," [-0.43, 0.26]",NA,"-0.479610","0.631505"
"Verbal","Increase","Peri","Intrusion-related distress",NA,"no","424","4","4","4","-0.03"," [-0.30, 0.23]",NA,"-0.226876","0.820520"
"Moderation Analysis: Step4_Hypothesized_mechanism","Increase","Peri","Intrusion-related distress",NA,"yes",NA,NA,NA,NA,NA,NA,"0.060",NA,"0.807"
"Emotion","Increase","Peri","Intrusion-related distress",NA,"yes","145","2","2","3","-0.09"," [-0.43, 0.26]",NA,"-0.479610","0.631505"
"Verbal","Increase","Peri","Intrusion-related distress",NA,"yes","424","4","4","4","-0.03"," [-0.30, 0.23]",NA,"-0.226876","0.820520"
"Moderation Analysis: Step3_Technique_procedure","Increase","Pre","Intrusion-related distress",NA,"no",NA,NA,NA,NA,NA,NA,"0.365",NA,"0.833"
"Behavioural","Increase","Pre","Intrusion-related distress",NA,"no","257","3","3","5","-0.08"," [-0.40, 0.24]",NA,"-0.494392","0.621030"
"Neuromodulation","Increase","Pre","Intrusion-related distress",NA,"no","118","1","1","1","-0.17"," [-0.81, 0.47]",NA,"-0.523198","0.600837"
"Pharmacological","Increase","Pre","Intrusion-related distress",NA,"no","255","2","2","2","0.04"," [-0.36, 0.43]",NA,"0.191789","0.847908"
"Moderation Analysis: Step3_Technique_procedure","Increase","Pre","Intrusion-related distress",NA,"yes",NA,NA,NA,NA,NA,NA,"0.365",NA,"0.833"
"Behavioural","Increase","Pre","Intrusion-related distress",NA,"yes","257","3","3","5","-0.08"," [-0.40, 0.24]",NA,"-0.494392","0.621030"
"Neuromodulation","Increase","Pre","Intrusion-related distress",NA,"yes","118","1","1","1","-0.17"," [-0.81, 0.47]",NA,"-0.523198","0.600837"
"Pharmacological","Increase","Pre","Intrusion-related distress",NA,"yes","255","2","2","2","0.04"," [-0.36, 0.43]",NA,"0.191789","0.847908"
"Moderation Analysis: Step4_Hypothesized_mechanism","Unspecified","Immediate post","Intrusion-related distress",NA,"no",NA,NA,NA,NA,NA,NA,"3.487",NA,"0.175"
"Emotion","Unspecified","Immediate post","Intrusion-related distress",NA,"no","60","1","1","2","0.31"," [-0.19, 0.82]",NA,"1.224443","0.220785"
"Imagery","Unspecified","Immediate post","Intrusion-related distress",NA,"no","720","8","8","8","0.06"," [-0.18, 0.29]",NA,"0.476133","0.633980"
"Verbal","Unspecified","Immediate post","Intrusion-related distress",NA,"no","163","2","2","3","-0.26"," [-0.64, 0.12]",NA,"-1.337914","0.180925"
"Moderation Analysis: Step4_Hypothesized_mechanism","Unspecified","Immediate post","Intrusion-related distress",NA,"yes",NA,NA,NA,NA,NA,NA,"3.487",NA,"0.175"
"Emotion","Unspecified","Immediate post","Intrusion-related distress",NA,"yes","60","1","1","2","0.31"," [-0.19, 0.82]",NA,"1.224443","0.220785"
"Imagery","Unspecified","Immediate post","Intrusion-related distress",NA,"yes","720","8","8","8","0.06"," [-0.18, 0.29]",NA,"0.476133","0.633980"
"Verbal","Unspecified","Immediate post","Intrusion-related distress",NA,"yes","163","2","2","3","-0.26"," [-0.64, 0.12]",NA,"-1.337914","0.180925"
"Moderation Analysis: Step4_Hypothesized_mechanism","Unspecified","Peri","Intrusion-related distress",NA,"no",NA,NA,NA,NA,NA,NA,"7.032",NA,"0.008"
"Imagery","Unspecified","Peri","Intrusion-related distress",NA,"no","211","1","1","1","-0.31"," [-0.78, 0.16]",NA,"-1.301631","0.193043"
"Verbal","Unspecified","Peri","Intrusion-related distress",NA,"no","110","1","1","1","0.59"," [0.12, 1.06]",NA,"2.446434","0.014428"
"Moderation Analysis: Step4_Hypothesized_mechanism","Unspecified","Peri","Intrusion-related distress",NA,"yes",NA,NA,NA,NA,NA,NA,"7.032",NA,"0.008"
"Imagery","Unspecified","Peri","Intrusion-related distress",NA,"yes","211","1","1","1","-0.31"," [-0.78, 0.16]",NA,"-1.301631","0.193043"
"Verbal","Unspecified","Peri","Intrusion-related distress",NA,"yes","110","1","1","1","0.59"," [0.12, 1.06]",NA,"2.446434","0.014428"
"Moderation Analysis: Step3_Technique_procedure","Unspecified","Pre","Intrusion-related distress",NA,"no",NA,NA,NA,NA,NA,NA,"0.382",NA,"0.537"
"Behavioural","Unspecified","Pre","Intrusion-related distress",NA,"no","153","2","2","2","0.24"," [-0.37, 0.85]",NA,"0.766566","0.443340"
"Pharmacological","Unspecified","Pre","Intrusion-related distress",NA,"no","99","1","1","1","-0.06"," [-0.91, 0.80]",NA,"-0.128540","0.897721"
"Moderation Analysis: Step3_Technique_procedure","Unspecified","Pre","Intrusion-related distress",NA,"yes",NA,NA,NA,NA,NA,NA,"0.382",NA,"0.537"
"Behavioural","Unspecified","Pre","Intrusion-related distress",NA,"yes","153","2","2","2","0.24"," [-0.37, 0.85]",NA,"0.766566","0.443340"
"Pharmacological","Unspecified","Pre","Intrusion-related distress",NA,"yes","99","1","1","1","-0.06"," [-0.91, 0.80]",NA,"-0.128540","0.897721"
