Analysis,Prediction,Outcome,Suboutcome,OutlierRemove,N,j,n,k,Hedgesg,CI,QM,z,p
Moderation Analysis: Procedure-based Superordinate Category,All,Intrusion frequency,NA,no,NA,NA,NA,NA,NA,NA,7.495,NA,0.024
Behavioural,All,Intrusion frequency,NA,no,9641,108,127,348,0.19,"[0.12, 0.26]",NA,5.226014,0
Neuromodulation,All,Intrusion frequency,NA,no,118,1,1,2,0.23,"[-0.53, 0.98]",NA,0.587452,0.5569
Pharmacological,All,Intrusion frequency,NA,no,1006,11,11,20,-0.16,"[-0.40, 0.08]",NA,-1.313194,0.189118
Moderation Analysis: Procedure-based Superordinate Category,All,Intrusion frequency,NA,yes,NA,NA,NA,NA,NA,NA,7.388,NA,0.025
Behavioural,All,Intrusion frequency,NA,yes,9534,106,124,336,0.2,"[0.13, 0.26]",NA,6.192879,0
Neuromodulation,All,Intrusion frequency,NA,yes,118,1,1,2,0.23,"[-0.43, 0.88]",NA,0.675413,0.499414
Pharmacological,All,Intrusion frequency,NA,yes,1006,11,11,18,-0.11,"[-0.32, 0.10]",NA,-1.022211,0.306681
Moderation Analysis: Mechanism-based Superordinate Category,All,Intrusion frequency,NA,no,NA,NA,NA,NA,NA,NA,22.54,NA,0.001
Emotion,All,Intrusion frequency,NA,no,1635,19,19,38,0.08,"[-0.11, 0.26]",NA,0.810129,0.417866
Imagery,All,Intrusion frequency,NA,no,4640,50,58,143,0.31,"[0.21, 0.41]",NA,6.021333,0
Imagery + verbal,All,Intrusion frequency,NA,no,575,4,7,9,0.18,"[-0.09, 0.44]",NA,1.312313,0.189414
Imagery vs. Verbal,All,Intrusion frequency,NA,no,50,1,1,1,0.58,"[-0.32, 1.48]",NA,1.254723,0.209579
Verbal,All,Intrusion frequency,NA,no,2427,31,34,85,0,"[-0.12, 0.13]",NA,0.036317,0.971029
Verbal + imagery,All,Intrusion frequency,NA,no,200,2,2,6,0.32,"[0.01, 0.64]",NA,1.99231,0.046337
Verbal vs. Imagery,All,Intrusion frequency,NA,no,107,2,2,2,0.36,"[-0.28, 1.00]",NA,1.113862,0.265338
Moderation Analysis: Mechanism-based Superordinate Category,All,Intrusion frequency,NA,yes,NA,NA,NA,NA,NA,NA,18.726,NA,0.005
Emotion,All,Intrusion frequency,NA,yes,1596,18,18,37,0.12,"[-0.04, 0.29]",NA,1.483693,0.13789
Imagery,All,Intrusion frequency,NA,yes,4610,49,57,138,0.3,"[0.21, 0.39]",NA,6.322241,0
Imagery + verbal,All,Intrusion frequency,NA,yes,575,4,7,9,0.19,"[-0.06, 0.44]",NA,1.453563,0.146067
Imagery vs. Verbal,All,Intrusion frequency,NA,yes,50,1,1,1,0.58,"[-0.24, 1.39]",NA,1.380812,0.167337
Verbal,All,Intrusion frequency,NA,yes,2324,30,32,80,0.04,"[-0.07, 0.16]",NA,0.732599,0.463803
Verbal + imagery,All,Intrusion frequency,NA,yes,200,2,2,5,0.47,"[0.15, 0.79]",NA,2.868589,0.004123
Verbal vs. Imagery,All,Intrusion frequency,NA,yes,107,2,2,2,0.36,"[-0.22, 0.94]",NA,1.207828,0.227113
Moderation Analysis: Direct vs. Indirect Involvement of Trauma Content,All,Intrusion frequency,NA,no,NA,NA,NA,NA,NA,NA,14.368,NA,0.006
Direct,All,Intrusion frequency,NA,no,4786,53,56,141,0.12,"[0.02, 0.21]",NA,2.386348,0.017017
Direct + indirect,All,Intrusion frequency,NA,no,1671,16,23,56,0.4,"[0.26, 0.54]",NA,5.631823,0
Direct vs. Indirect,All,Intrusion frequency,NA,no,76,1,1,2,-0.27,"[-0.86, 0.33]",NA,-0.881424,0.378088
Indirect,All,Intrusion frequency,NA,no,4241,53,61,135,0.18,"[0.08, 0.27]",NA,3.72949,0.000192
Indirect + direct,All,Intrusion frequency,NA,no,349,3,3,14,0.18,"[-0.05, 0.42]",NA,1.540561,0.123424
Moderation Analysis: Direct vs. Indirect Involvement of Trauma Content,All,Intrusion frequency,NA,yes,NA,NA,NA,NA,NA,NA,10.466,NA,0.033
Direct,All,Intrusion frequency,NA,yes,4747,52,55,139,0.14,"[0.05, 0.23]",NA,3.119476,0.001812
Direct + indirect,All,Intrusion frequency,NA,yes,1641,15,22,51,0.37,"[0.23, 0.50]",NA,5.441336,0
Direct vs. Indirect,All,Intrusion frequency,NA,yes,76,1,1,2,-0.2,"[-0.77, 0.36]",NA,-0.69769,0.485371
Indirect,All,Intrusion frequency,NA,yes,4143,53,59,131,0.19,"[0.11, 0.28]",NA,4.351782,0.000014
Indirect + direct,All,Intrusion frequency,NA,yes,349,3,3,13,0.26,"[0.02, 0.49]",NA,2.164683,0.030412
Moderation Analysis: Task vs. Instruction of Techniques,All,Intrusion frequency,NA,no,NA,NA,NA,NA,NA,NA,4.393,NA,0.222
Instruction,All,Intrusion frequency,NA,no,1572,19,20,39,0.06,"[-0.11, 0.23]",NA,0.712127,0.476386
Task,All,Intrusion frequency,NA,no,8694,97,114,299,0.2,"[0.13, 0.28]",NA,5.366989,0
Task vs. Instruction,All,Intrusion frequency,NA,no,149,1,1,1,0.55,"[-0.06, 1.17]",NA,1.756778,0.078956
Task+instruction,All,Intrusion frequency,NA,no,120,1,1,9,0.04,"[-0.34, 0.42]",NA,0.222071,0.824258
Moderation Analysis: Task vs. Instruction of Techniques,All,Intrusion frequency,NA,yes,NA,NA,NA,NA,NA,NA,6.2,NA,0.102
Instruction,All,Intrusion frequency,NA,yes,1572,19,20,39,0.04,"[-0.11, 0.20]",NA,0.568709,0.569554
Task,All,Intrusion frequency,NA,yes,8587,95,111,287,0.22,"[0.15, 0.28]",NA,6.410617,0
Task vs. Instruction,All,Intrusion frequency,NA,yes,149,1,1,1,0.56,"[-0.05, 1.17]",NA,1.805571,0.070985
Task+instruction,All,Intrusion frequency,NA,yes,120,1,1,9,0.04,"[-0.32, 0.40]",NA,0.214044,0.830513
Moderation Analysis: TraumaStimuliType,All,Intrusion frequency,NA,no,NA,NA,NA,NA,NA,NA,13.732,NA,0.017
Audio,All,Intrusion frequency,NA,no,380,5,5,20,0.02,"[-0.32, 0.36]",NA,0.138874,0.88955
Computer crash,All,Intrusion frequency,NA,no,39,1,1,1,-1.43,"[-2.41, -0.45]",NA,-2.850012,0.004372
Film,All,Intrusion frequency,NA,no,9519,104,122,330,0.18,"[0.11, 0.25]",NA,5.064751,0
Picture,All,Intrusion frequency,NA,no,630,7,8,15,0,"[-0.27, 0.28]",NA,0.035375,0.97178
Picture + audio,All,Intrusion frequency,NA,no,116,2,2,2,0.39,"[-0.23, 1.00]",NA,1.237145,0.216033
Picture + shock,All,Intrusion frequency,NA,no,81,1,1,2,-0.21,"[-1.00, 0.57]",NA,-0.533528,0.593668
Moderation Analysis: TraumaStimuliType,All,Intrusion frequency,NA,yes,NA,NA,NA,NA,NA,NA,4.662,NA,0.324
Audio,All,Intrusion frequency,NA,yes,380,5,5,20,0.03,"[-0.27, 0.33]",NA,0.191841,0.847867
Film,All,Intrusion frequency,NA,yes,9451,103,120,317,0.19,"[0.13, 0.26]",NA,5.822895,0
Picture,All,Intrusion frequency,NA,yes,630,7,8,15,0.01,"[-0.24, 0.25]",NA,0.05747,0.954171
Picture + audio,All,Intrusion frequency,NA,yes,116,2,2,2,0.39,"[-0.18, 0.95]",NA,1.344139,0.178904
Picture + shock,All,Intrusion frequency,NA,yes,81,1,1,2,-0.21,"[-0.92, 0.49]",NA,-0.595327,0.551625
Moderation Analysis: ComparisonType,All,Intrusion frequency,NA,no,NA,NA,NA,NA,NA,NA,1.102,NA,0.294
Experimental task,All,Intrusion frequency,NA,no,6351,72,80,192,0.19,"[0.10, 0.28]",NA,4.15703,0.000032
No-task,All,Intrusion frequency,NA,no,4414,48,59,178,0.12,"[0.01, 0.22]",NA,2.185253,0.02887
Moderation Analysis: ComparisonType,All,Intrusion frequency,NA,yes,NA,NA,NA,NA,NA,NA,0.125,NA,0.723
Experimental task,All,Intrusion frequency,NA,yes,6321,71,79,187,0.18,"[0.10, 0.26]",NA,4.489992,0.000007
No-task,All,Intrusion frequency,NA,yes,4337,47,57,169,0.16,"[0.07, 0.25]",NA,3.344658,0.000824
Moderation Analysis: StudyDesign,All,Intrusion frequency,NA,no,NA,NA,NA,NA,NA,NA,1.104,NA,0.293
Between-subject,All,Intrusion frequency,NA,no,10394,115,131,356,0.15,"[0.08, 0.22]",NA,4.201344,0.000027
Within-subject,All,Intrusion frequency,NA,no,427,7,9,14,0.29,"[0.04, 0.54]",NA,2.253319,0.024239
Moderation Analysis: StudyDesign,All,Intrusion frequency,NA,yes,NA,NA,NA,NA,NA,NA,0.726,NA,0.394
Between-subject,All,Intrusion frequency,NA,yes,10287,113,128,342,0.17,"[0.10, 0.23]",NA,5.218676,0
Within-subject,All,Intrusion frequency,NA,yes,427,7,9,14,0.27,"[0.04, 0.49]",NA,2.325597,0.02004
Moderation Analysis: ModeOfMeasurement,All,Intrusion frequency,NA,no,NA,NA,NA,NA,NA,NA,2.305,NA,0.316
Intrusion diary,All,Intrusion frequency,NA,no,8985,104,121,248,0.14,"[0.07, 0.21]",NA,3.88933,0.000101
Lab-based intrusion monitoring task,All,Intrusion frequency,NA,no,2859,34,39,79,0.21,"[0.11, 0.31]",NA,4.165054,0.000031
Self-report questionnaire,All,Intrusion frequency,NA,no,1715,16,17,43,0.18,"[0.03, 0.33]",NA,2.385168,0.017071
Moderation Analysis: ModeOfMeasurement,All,Intrusion frequency,NA,yes,NA,NA,NA,NA,NA,NA,4.023,NA,0.134
Intrusion diary,All,Intrusion frequency,NA,yes,8790,102,116,237,0.15,"[0.09, 0.22]",NA,4.633026,0.000004
Lab-based intrusion monitoring task,All,Intrusion frequency,NA,yes,2805,33,38,76,0.25,"[0.15, 0.34]",NA,5.099586,0
Self-report questionnaire,All,Intrusion frequency,NA,yes,1715,16,17,43,0.18,"[0.04, 0.31]",NA,2.522221,0.011662
Moderation Analysis: Time of Administration,All,Intrusion frequency,NA,no,NA,NA,NA,NA,NA,NA,10.618,NA,0.101
Delayed post,All,Intrusion frequency,NA,no,1083,9,10,33,0.21,"[-0.02, 0.45]",NA,1.754949,0.079268
Immediate + delayed post,All,Intrusion frequency,NA,no,251,3,3,6,-0.18,"[-0.63, 0.26]",NA,-0.798038,0.424848
Immediate post,All,Intrusion frequency,NA,no,6382,69,80,230,0.22,"[0.13, 0.31]",NA,5.004245,0.000001
Peri,All,Intrusion frequency,NA,no,1595,21,25,59,0.12,"[-0.04, 0.28]",NA,1.426344,0.153769
Peri + immediate post,All,Intrusion frequency,NA,no,67,1,1,1,-0.51,"[-1.35, 0.33]",NA,-1.197819,0.230988
Pre,All,Intrusion frequency,NA,no,1360,19,20,39,0.03,"[-0.15, 0.20]",NA,0.293601,0.769063
Pre + peri,All,Intrusion frequency,NA,no,108,1,1,2,-0.24,"[-0.99, 0.52]",NA,-0.60839,0.542929
Moderation Analysis: Time of Administration,All,Intrusion frequency,NA,yes,NA,NA,NA,NA,NA,NA,12.836,NA,0.046
Delayed post,All,Intrusion frequency,NA,yes,1083,9,10,31,0.16,"[-0.04, 0.37]",NA,1.554446,0.120078
Immediate + delayed post,All,Intrusion frequency,NA,yes,251,3,3,6,-0.18,"[-0.56, 0.21]",NA,-0.888084,0.374495
Immediate post,All,Intrusion frequency,NA,yes,6313,67,78,223,0.23,"[0.15, 0.30]",NA,5.895476,0
Peri,All,Intrusion frequency,NA,yes,1557,21,24,56,0.18,"[0.03, 0.32]",NA,2.363639,0.018096
Peri + immediate post,All,Intrusion frequency,NA,yes,67,1,1,1,-0.51,"[-1.26, 0.23]",NA,-1.344713,0.178718
Pre,All,Intrusion frequency,NA,yes,1360,19,20,37,0.04,"[-0.11, 0.20]",NA,0.527336,0.59796
Pre + peri,All,Intrusion frequency,NA,yes,108,1,1,2,-0.24,"[-0.89, 0.42]",NA,-0.703347,0.48184
Moderation Analysis: Physio_binary,All,Intrusion frequency,NA,no,NA,NA,NA,NA,NA,NA,1.369,NA,0.242
No,All,Intrusion frequency,NA,no,7810,89,105,302,0.18,"[0.10, 0.26]",NA,4.572327,0.000005
Yes,All,Intrusion frequency,NA,no,2955,32,34,68,0.09,"[-0.05, 0.23]",NA,1.239239,0.215257
Moderation Analysis: Physio_binary,All,Intrusion frequency,NA,yes,NA,NA,NA,NA,NA,NA,1.558,NA,0.212
No,All,Intrusion frequency,NA,yes,7703,87,102,290,0.19,"[0.12, 0.26]",NA,5.491198,0
Yes,All,Intrusion frequency,NA,yes,2955,32,34,66,0.1,"[-0.02, 0.23]",NA,1.684099,0.092163
Moderation Analysis: PublicationStatus,All,Intrusion frequency,NA,no,NA,NA,NA,NA,NA,NA,0.317,NA,0.573
Published,All,Intrusion frequency,NA,no,10049,110,128,338,0.17,"[0.09, 0.24]",NA,4.558327,0.000005
Unpublished,All,Intrusion frequency,NA,no,716,10,11,32,0.09,"[-0.15, 0.34]",NA,0.738743,0.460063
Moderation Analysis: PublicationStatus,All,Intrusion frequency,NA,yes,NA,NA,NA,NA,NA,NA,0.749,NA,0.387
Published,All,Intrusion frequency,NA,yes,9942,108,125,324,0.18,"[0.12, 0.24]",NA,5.633065,0
Unpublished,All,Intrusion frequency,NA,yes,716,10,11,32,0.08,"[-0.13, 0.30]",NA,0.755014,0.450241
Moderation Analysis: Country_RegionofOrigin,All,Intrusion frequency,NA,no,NA,NA,NA,NA,NA,NA,16.768,NA,0.333
Australia,All,Intrusion frequency,NA,no,1188,13,14,59,0.01,"[-0.19, 0.22]",NA,0.136333,0.891558
Austria,All,Intrusion frequency,NA,no,84,1,1,1,0.24,"[-0.60, 1.07]",NA,0.552709,0.580463
"Belgium, Netherlands",All,Intrusion frequency,NA,no,61,1,1,2,0.55,"[-0.19, 1.30]",NA,1.449275,0.147261
Belgium/Australia,All,Intrusion frequency,NA,no,74,1,1,4,0.07,"[-0.68, 0.82]",NA,0.179643,0.857433
China,All,Intrusion frequency,NA,no,66,1,1,2,0.68,"[-0.10, 1.46]",NA,1.707037,0.087815
England,All,Intrusion frequency,NA,no,2860,38,49,115,0.22,"[0.11, 0.34]",NA,3.709388,0.000208
Germany,All,Intrusion frequency,NA,no,2019,19,19,45,0.16,"[-0.02, 0.34]",NA,1.785324,0.074209
Hong Kong SAR,All,Intrusion frequency,NA,no,240,2,3,5,0.42,"[-0.04, 0.87]",NA,1.800393,0.071799
Israel,All,Intrusion frequency,NA,no,60,1,1,2,0.55,"[-0.24, 1.34]",NA,1.37067,0.170478
Netherlands,All,Intrusion frequency,NA,no,2252,24,29,86,0.18,"[0.03, 0.32]",NA,2.351618,0.018692
New Zealand,All,Intrusion frequency,NA,no,60,1,1,2,-0.39,"[-1.22, 0.43]",NA,-0.933132,0.350752
Norway,All,Intrusion frequency,NA,no,149,1,1,6,0.01,"[-0.71, 0.74]",NA,0.040714,0.967524
Scotland,All,Intrusion frequency,NA,no,38,1,1,1,-0.65,"[-1.60, 0.31]",NA,-1.328003,0.184177
Sweden,All,Intrusion frequency,NA,no,122,2,2,11,0.08,"[-0.47, 0.63]",NA,0.295768,0.767407
Switzerland,All,Intrusion frequency,NA,no,231,3,3,3,0.38,"[-0.13, 0.88]",NA,1.472245,0.140955
USA,All,Intrusion frequency,NA,no,1261,12,12,26,-0.05,"[-0.28, 0.18]",NA,-0.413591,0.679174
Moderation Analysis: Country_RegionofOrigin,All,Intrusion frequency,NA,yes,NA,NA,NA,NA,NA,NA,21.276,NA,0.128
Australia,All,Intrusion frequency,NA,yes,1188,13,14,57,0.04,"[-0.13, 0.21]",NA,0.454643,0.649366
Austria,All,Intrusion frequency,NA,yes,84,1,1,1,0.24,"[-0.50, 0.97]",NA,0.629151,0.529251
"Belgium, Netherlands",All,Intrusion frequency,NA,yes,61,1,1,2,0.55,"[-0.08, 1.18]",NA,1.718643,0.085679
Belgium/Australia,All,Intrusion frequency,NA,yes,74,1,1,4,0.07,"[-0.57, 0.71]",NA,0.211985,0.832119
China,All,Intrusion frequency,NA,yes,66,1,1,2,0.68,"[0.01, 1.35]",NA,1.987985,0.046813
England,All,Intrusion frequency,NA,yes,2792,37,47,105,0.23,"[0.13, 0.34]",NA,4.338519,0.000014
Germany,All,Intrusion frequency,NA,yes,2019,19,19,45,0.16,"[0.01, 0.31]",NA,2.053343,0.040039
Hong Kong SAR,All,Intrusion frequency,NA,yes,240,2,3,5,0.42,"[0.03, 0.81]",NA,2.091652,0.03647
Israel,All,Intrusion frequency,NA,yes,60,1,1,2,0.55,"[-0.13, 1.23]",NA,1.591194,0.111566
Netherlands,All,Intrusion frequency,NA,yes,2213,23,28,85,0.21,"[0.08, 0.34]",NA,3.193878,0.001404
New Zealand,All,Intrusion frequency,NA,yes,60,1,1,2,-0.39,"[-1.12, 0.33]",NA,-1.066485,0.286205
Norway,All,Intrusion frequency,NA,yes,149,1,1,6,0.01,"[-0.59, 0.62]",NA,0.048922,0.960981
Scotland,All,Intrusion frequency,NA,yes,38,1,1,1,-0.65,"[-1.51, 0.22]",NA,-1.462639,0.143566
Sweden,All,Intrusion frequency,NA,yes,122,2,2,11,0.09,"[-0.38, 0.56]",NA,0.366833,0.713744
Switzerland,All,Intrusion frequency,NA,yes,231,3,3,3,0.38,"[-0.07, 0.82]",NA,1.660211,0.096872
USA,All,Intrusion frequency,NA,yes,1261,12,12,25,-0.03,"[-0.23, 0.17]",NA,-0.307657,0.758343
Moderation Analysis: Continent,All,Intrusion frequency,NA,no,NA,NA,NA,NA,NA,NA,10.871,NA,0.028
Asia,All,Intrusion frequency,NA,no,366,4,5,9,0.5,"[0.15, 0.84]",NA,2.841188,0.004495
Australia,All,Intrusion frequency,NA,no,1248,14,15,61,-0.01,"[-0.20, 0.18]",NA,-0.085656,0.93174
Australia/europe,All,Intrusion frequency,NA,no,74,1,1,4,0.07,"[-0.66, 0.80]",NA,0.184514,0.85361
Europe,All,Intrusion frequency,NA,no,7816,90,106,270,0.19,"[0.12, 0.27]",NA,4.982457,0.000001
North america,All,Intrusion frequency,NA,no,1261,12,12,26,-0.05,"[-0.27, 0.17]",NA,-0.431661,0.665988
Moderation Analysis: Continent,All,Intrusion frequency,NA,yes,NA,NA,NA,NA,NA,NA,13.2,NA,0.01
Asia,All,Intrusion frequency,NA,yes,366,4,5,9,0.5,"[0.20, 0.79]",NA,3.27518,0.001056
Australia,All,Intrusion frequency,NA,yes,1248,14,15,59,0.02,"[-0.15, 0.18]",NA,0.205053,0.837531
Australia/europe,All,Intrusion frequency,NA,yes,74,1,1,4,0.07,"[-0.56, 0.70]",NA,0.215868,0.829091
Europe,All,Intrusion frequency,NA,yes,7709,88,103,259,0.21,"[0.14, 0.27]",NA,5.994498,0
North america,All,Intrusion frequency,NA,yes,1261,12,12,25,-0.03,"[-0.23, 0.16]",NA,-0.319672,0.749217
Moderation Analysis: MeanAge,All,Intrusion frequency,NA,no,NA,NA,NA,NA,NA,NA,2.539,NA,0.111
MeanAge,All,Intrusion frequency,NA,no,10320,115,133,360,0.02,"[-0.00, 0.04]",NA,1.593391,0.111072
Moderation Analysis: MeanAge,All,Intrusion frequency,NA,yes,NA,NA,NA,NA,NA,NA,1.984,NA,0.159
MeanAge,All,Intrusion frequency,NA,yes,10252,114,131,347,0.01,"[-0.01, 0.03]",NA,1.408616,0.158949
Moderation Analysis: FemaleRatio,All,Intrusion frequency,NA,no,NA,NA,NA,NA,NA,NA,1.356,NA,0.244
FemaleRatio,All,Intrusion frequency,NA,no,10725,119,138,368,-0.23,"[-0.61, 0.15]",NA,-1.164585,0.244187
Moderation Analysis: FemaleRatio,All,Intrusion frequency,NA,yes,NA,NA,NA,NA,NA,NA,2.601,NA,0.107
FemaleRatio,All,Intrusion frequency,NA,yes,10618,117,135,354,-0.27,"[-0.61, 0.06]",NA,-1.612913,0.106763
Moderation Analysis: Procedure-based Superordinate Category,All,Intrusion frequency,Intrusion diary,no,NA,NA,NA,NA,NA,NA,5.991,NA,0.014
Behavioural,All,Intrusion frequency,Intrusion diary,no,7979,93,110,230,0.17,"[0.09, 0.24]",NA,4.394962,0.000011
Pharmacological,All,Intrusion frequency,Intrusion diary,no,1006,11,11,18,-0.14,"[-0.38, 0.10]",NA,-1.170973,0.24161
Moderation Analysis: Procedure-based Superordinate Category,All,Intrusion frequency,Intrusion diary,yes,NA,NA,NA,NA,NA,NA,6.727,NA,0.009
Behavioural,All,Intrusion frequency,Intrusion diary,yes,7784,91,105,219,0.17,"[0.10, 0.24]",NA,5.066919,0
Pharmacological,All,Intrusion frequency,Intrusion diary,yes,1006,11,11,17,-0.11,"[-0.32, 0.09]",NA,-1.09094,0.275299
Moderation Analysis: Mechanism-based Superordinate Category,All,Intrusion frequency,Intrusion diary,no,NA,NA,NA,NA,NA,NA,21.518,NA,0.001
Emotion,All,Intrusion frequency,Intrusion diary,no,1314,16,16,24,0.01,"[-0.19, 0.22]",NA,0.107847,0.914117
Imagery,All,Intrusion frequency,Intrusion diary,no,3847,44,51,101,0.32,"[0.21, 0.44]",NA,5.56859,0
Imagery + verbal,All,Intrusion frequency,Intrusion diary,no,575,4,7,7,0.13,"[-0.17, 0.44]",NA,0.858012,0.390886
Imagery vs. Verbal,All,Intrusion frequency,Intrusion diary,no,50,1,1,1,0.58,"[-0.33, 1.48]",NA,1.243148,0.213813
Verbal,All,Intrusion frequency,Intrusion diary,no,1992,26,29,51,-0.02,"[-0.17, 0.12]",NA,-0.316045,0.751968
Verbal + imagery,All,Intrusion frequency,Intrusion diary,no,200,2,2,2,0.07,"[-0.48, 0.61]",NA,0.249239,0.803176
Verbal vs. Imagery,All,Intrusion frequency,Intrusion diary,no,73,1,1,1,0.21,"[-0.64, 1.05]",NA,0.475701,0.634288
Moderation Analysis: Mechanism-based Superordinate Category,All,Intrusion frequency,Intrusion diary,yes,NA,NA,NA,NA,NA,NA,14.278,NA,0.027
Emotion,All,Intrusion frequency,Intrusion diary,yes,1275,15,15,23,0.08,"[-0.10, 0.26]",NA,0.833879,0.404349
Imagery,All,Intrusion frequency,Intrusion diary,yes,3729,43,48,96,0.27,"[0.17, 0.37]",NA,5.241745,0
Imagery + verbal,All,Intrusion frequency,Intrusion diary,yes,575,4,7,7,0.13,"[-0.14, 0.41]",NA,0.929728,0.352512
Imagery vs. Verbal,All,Intrusion frequency,Intrusion diary,yes,50,1,1,1,0.58,"[-0.22, 1.38]",NA,1.411801,0.158008
Verbal,All,Intrusion frequency,Intrusion diary,yes,1954,26,28,47,0.02,"[-0.11, 0.15]",NA,0.299586,0.764493
Verbal + imagery,All,Intrusion frequency,Intrusion diary,yes,120,1,1,1,0.61,"[-0.08, 1.31]",NA,1.737911,0.082226
Verbal vs. Imagery,All,Intrusion frequency,Intrusion diary,yes,73,1,1,1,0.21,"[-0.53, 0.94]",NA,0.552046,0.580917
Moderation Analysis: Direct vs. Indirect Involvement of Trauma Content,All,Intrusion frequency,Intrusion diary,no,NA,NA,NA,NA,NA,NA,7.776,NA,0.1
Direct,All,Intrusion frequency,Intrusion diary,no,3841,45,47,82,0.09,"[-0.02, 0.20]",NA,1.530652,0.125855
Direct + indirect,All,Intrusion frequency,Intrusion diary,no,1614,16,22,38,0.32,"[0.16, 0.47]",NA,3.977494,0.00007
Direct vs. Indirect,All,Intrusion frequency,Intrusion diary,no,76,1,1,2,-0.27,"[-0.89, 0.35]",NA,-0.842738,0.399375
Indirect,All,Intrusion frequency,Intrusion diary,no,3581,46,54,103,0.19,"[0.09, 0.30]",NA,3.556866,0.000375
Indirect + direct,All,Intrusion frequency,Intrusion diary,no,349,3,3,5,0.14,"[-0.23, 0.50]",NA,0.739206,0.459782
Moderation Analysis: Direct vs. Indirect Involvement of Trauma Content,All,Intrusion frequency,Intrusion diary,yes,NA,NA,NA,NA,NA,NA,4.316,NA,0.365
Direct,All,Intrusion frequency,Intrusion diary,yes,3802,44,46,80,0.12,"[0.02, 0.22]",NA,2.260016,0.02382
Direct + indirect,All,Intrusion frequency,Intrusion diary,yes,1424,14,18,34,0.23,"[0.08, 0.38]",NA,3.076685,0.002093
Direct vs. Indirect,All,Intrusion frequency,Intrusion diary,yes,76,1,1,2,-0.2,"[-0.77, 0.37]",NA,-0.688243,0.4913
Indirect,All,Intrusion frequency,Intrusion diary,yes,3483,46,52,99,0.2,"[0.11, 0.30]",NA,4.157655,0.000032
Indirect + direct,All,Intrusion frequency,Intrusion diary,yes,269,2,2,4,0.32,"[-0.06, 0.70]",NA,1.652946,0.098342
Moderation Analysis: Task vs. Instruction of Techniques,All,Intrusion frequency,Intrusion diary,no,NA,NA,NA,NA,NA,NA,4.483,NA,0.106
Instruction,All,Intrusion frequency,Intrusion diary,no,1367,17,18,24,0,"[-0.19, 0.19]",NA,0.005351,0.99573
Task,All,Intrusion frequency,Intrusion diary,no,7088,83,98,203,0.19,"[0.11, 0.27]",NA,4.676063,0.000003
Task+instruction,All,Intrusion frequency,Intrusion diary,no,120,1,1,3,0.33,"[-0.24, 0.90]",NA,1.119648,0.262864
Moderation Analysis: Task vs. Instruction of Techniques,All,Intrusion frequency,Intrusion diary,yes,NA,NA,NA,NA,NA,NA,7.299,NA,0.026
Instruction,All,Intrusion frequency,Intrusion diary,yes,1367,17,18,24,-0.03,"[-0.19, 0.14]",NA,-0.317457,0.750897
Task,All,Intrusion frequency,Intrusion diary,yes,6893,81,93,192,0.2,"[0.13, 0.27]",NA,5.537769,0
Task+instruction,All,Intrusion frequency,Intrusion diary,yes,120,1,1,3,0.33,"[-0.19, 0.84]",NA,1.239973,0.214985
Moderation Analysis: TraumaStimuliType,All,Intrusion frequency,Intrusion diary,no,NA,NA,NA,NA,NA,NA,13.415,NA,0.009
Audio,All,Intrusion frequency,Intrusion diary,no,380,5,5,18,0.02,"[-0.32, 0.35]",NA,0.096672,0.922987
Computer crash,All,Intrusion frequency,Intrusion diary,no,39,1,1,1,-1.43,"[-2.40, -0.46]",NA,-2.881249,0.003961
Film,All,Intrusion frequency,Intrusion diary,no,8069,92,108,218,0.17,"[0.10, 0.25]",NA,4.424194,0.00001
Picture,All,Intrusion frequency,Intrusion diary,no,416,5,6,9,-0.05,"[-0.36, 0.26]",NA,-0.302304,0.76242
Picture + shock,All,Intrusion frequency,Intrusion diary,no,81,1,1,2,-0.21,"[-0.97, 0.55]",NA,-0.551095,0.581568
Moderation Analysis: TraumaStimuliType,All,Intrusion frequency,Intrusion diary,yes,NA,NA,NA,NA,NA,NA,4.057,NA,0.255
Audio,All,Intrusion frequency,Intrusion diary,yes,380,5,5,18,0.02,"[-0.27, 0.31]",NA,0.119062,0.905226
Film,All,Intrusion frequency,Intrusion diary,yes,7913,91,104,207,0.17,"[0.10, 0.23]",NA,4.795529,0.000002
Picture,All,Intrusion frequency,Intrusion diary,yes,416,5,6,9,-0.04,"[-0.32, 0.23]",NA,-0.317741,0.750681
Picture + shock,All,Intrusion frequency,Intrusion diary,yes,81,1,1,2,-0.21,"[-0.88, 0.45]",NA,-0.626365,0.531075
Moderation Analysis: ComparisonType,All,Intrusion frequency,Intrusion diary,no,NA,NA,NA,NA,NA,NA,0.545,NA,0.46
Experimental task,All,Intrusion frequency,Intrusion diary,no,4692,58,64,106,0.17,"[0.07, 0.27]",NA,3.20314,0.001359
No-task,All,Intrusion frequency,Intrusion diary,no,4293,46,57,142,0.11,"[0.01, 0.22]",NA,2.088463,0.036756
Moderation Analysis: ComparisonType,All,Intrusion frequency,Intrusion diary,yes,NA,NA,NA,NA,NA,NA,0.017,NA,0.895
Experimental task,All,Intrusion frequency,Intrusion diary,yes,4626,57,62,103,0.15,"[0.06, 0.24]",NA,3.244919,0.001175
No-task,All,Intrusion frequency,Intrusion diary,yes,4164,45,54,133,0.14,"[0.05, 0.23]",NA,2.947122,0.003207
Moderation Analysis: StudyDesign,All,Intrusion frequency,Intrusion diary,no,NA,NA,NA,NA,NA,NA,0.621,NA,0.431
Between-subject,All,Intrusion frequency,Intrusion diary,no,8614,99,113,236,0.13,"[0.06, 0.21]",NA,3.427975,0.000608
Within-subject,All,Intrusion frequency,Intrusion diary,no,427,7,9,12,0.24,"[-0.02, 0.49]",NA,1.837777,0.066095
Moderation Analysis: StudyDesign,All,Intrusion frequency,Intrusion diary,yes,NA,NA,NA,NA,NA,NA,0.445,NA,0.505
Between-subject,All,Intrusion frequency,Intrusion diary,yes,8419,97,108,224,0.14,"[0.07, 0.21]",NA,4.046303,0.000052
Within-subject,All,Intrusion frequency,Intrusion diary,yes,427,7,9,12,0.22,"[-0.01, 0.44]",NA,1.914613,0.055542
Moderation Analysis: Time of Administration,All,Intrusion frequency,Intrusion diary,no,NA,NA,NA,NA,NA,NA,12.956,NA,0.044
Delayed post,All,Intrusion frequency,Intrusion diary,no,566,6,7,14,0.36,"[0.06, 0.65]",NA,2.386057,0.01703
Immediate + delayed post,All,Intrusion frequency,Intrusion diary,no,251,3,3,5,-0.15,"[-0.59, 0.30]",NA,-0.640919,0.521575
Immediate post,All,Intrusion frequency,Intrusion diary,no,5408,59,69,155,0.19,"[0.10, 0.29]",NA,4.074919,0.000046
Peri,All,Intrusion frequency,Intrusion diary,no,1457,19,23,46,0.14,"[-0.03, 0.31]",NA,1.647451,0.099465
Peri + immediate post,All,Intrusion frequency,Intrusion diary,no,67,1,1,1,-0.51,"[-1.34, 0.31]",NA,-1.213553,0.224918
Pre,All,Intrusion frequency,Intrusion diary,no,1128,16,17,25,-0.07,"[-0.27, 0.12]",NA,-0.735306,0.462153
Pre + peri,All,Intrusion frequency,Intrusion diary,no,108,1,1,2,-0.24,"[-0.97, 0.50]",NA,-0.631794,0.527521
Moderation Analysis: Time of Administration,All,Intrusion frequency,Intrusion diary,yes,NA,NA,NA,NA,NA,NA,14.693,NA,0.023
Delayed post,All,Intrusion frequency,Intrusion diary,yes,514,6,6,12,0.2,"[-0.06, 0.47]",NA,1.496498,0.134524
Immediate + delayed post,All,Intrusion frequency,Intrusion diary,yes,251,3,3,5,-0.14,"[-0.52, 0.24]",NA,-0.706668,0.479773
Immediate post,All,Intrusion frequency,Intrusion diary,yes,5303,57,66,149,0.2,"[0.12, 0.28]",NA,4.86539,0.000001
Peri,All,Intrusion frequency,Intrusion diary,yes,1419,19,22,43,0.18,"[0.04, 0.33]",NA,2.423914,0.015354
Peri + immediate post,All,Intrusion frequency,Intrusion diary,yes,67,1,1,1,-0.51,"[-1.23, 0.20]",NA,-1.401597,0.161036
Pre,All,Intrusion frequency,Intrusion diary,yes,1128,16,17,24,-0.06,"[-0.23, 0.11]",NA,-0.69411,0.487613
Pre + peri,All,Intrusion frequency,Intrusion diary,yes,108,1,1,2,-0.24,"[-0.85, 0.38]",NA,-0.747236,0.454921
Moderation Analysis: Physio_binary,All,Intrusion frequency,Intrusion diary,no,NA,NA,NA,NA,NA,NA,0.972,NA,0.324
No,All,Intrusion frequency,Intrusion diary,no,6767,79,93,205,0.16,"[0.08, 0.24]",NA,3.774272,0.00016
Yes,All,Intrusion frequency,Intrusion diary,no,2218,26,28,43,0.07,"[-0.08, 0.23]",NA,0.922244,0.356401
Moderation Analysis: Physio_binary,All,Intrusion frequency,Intrusion diary,yes,NA,NA,NA,NA,NA,NA,0.614,NA,0.433
No,All,Intrusion frequency,Intrusion diary,yes,6572,77,88,195,0.16,"[0.08, 0.23]",NA,4.222233,0.000024
Yes,All,Intrusion frequency,Intrusion diary,yes,2218,26,28,41,0.1,"[-0.04, 0.23]",NA,1.411295,0.158158
Moderation Analysis: PublicationStatus,All,Intrusion frequency,Intrusion diary,no,NA,NA,NA,NA,NA,NA,0.211,NA,0.646
Published,All,Intrusion frequency,Intrusion diary,no,8442,95,111,222,0.15,"[0.07, 0.22]",NA,3.73265,0.000189
Unpublished,All,Intrusion frequency,Intrusion diary,no,543,9,10,26,0.08,"[-0.17, 0.34]",NA,0.635477,0.525117
Moderation Analysis: PublicationStatus,All,Intrusion frequency,Intrusion diary,yes,NA,NA,NA,NA,NA,NA,0.692,NA,0.405
Published,All,Intrusion frequency,Intrusion diary,yes,8247,93,106,211,0.15,"[0.09, 0.22]",NA,4.461469,0.000008
Unpublished,All,Intrusion frequency,Intrusion diary,yes,543,9,10,25,0.05,"[-0.17, 0.28]",NA,0.482416,0.62951
Moderation Analysis: Country_RegionofOrigin,All,Intrusion frequency,Intrusion diary,no,NA,NA,NA,NA,NA,NA,11.763,NA,0.697
Australia,All,Intrusion frequency,Intrusion diary,no,1042,11,12,22,0.01,"[-0.23, 0.24]",NA,0.081269,0.935228
Austria,All,Intrusion frequency,Intrusion diary,no,84,1,1,1,0.24,"[-0.62, 1.09]",NA,0.543643,0.586687
"Belgium, Netherlands",All,Intrusion frequency,Intrusion diary,no,61,1,1,1,0.36,"[-0.45, 1.16]",NA,0.869717,0.384455
Belgium/Australia,All,Intrusion frequency,Intrusion diary,no,74,1,1,2,0.24,"[-0.57, 1.05]",NA,0.576153,0.564512
China,All,Intrusion frequency,Intrusion diary,no,66,1,1,2,0.68,"[-0.10, 1.46]",NA,1.702307,0.088698
England,All,Intrusion frequency,Intrusion diary,no,2533,35,45,84,0.17,"[0.05, 0.30]",NA,2.654517,0.007942
Germany,All,Intrusion frequency,Intrusion diary,no,1604,15,15,34,0.15,"[-0.05, 0.35]",NA,1.469677,0.141649
Hong Kong SAR,All,Intrusion frequency,Intrusion diary,no,240,2,3,3,0.43,"[-0.06, 0.92]",NA,1.734574,0.082816
Israel,All,Intrusion frequency,Intrusion diary,no,60,1,1,1,0.26,"[-0.62, 1.14]",NA,0.581924,0.560618
Netherlands,All,Intrusion frequency,Intrusion diary,no,1913,21,25,65,0.16,"[-0.00, 0.32]",NA,1.928141,0.053838
New Zealand,All,Intrusion frequency,Intrusion diary,no,60,1,1,2,-0.39,"[-1.22, 0.43]",NA,-0.932461,0.351099
Norway,All,Intrusion frequency,Intrusion diary,no,149,1,1,3,-0.01,"[-0.76, 0.73]",NA,-0.032737,0.973884
Scotland,All,Intrusion frequency,Intrusion diary,no,38,1,1,1,-0.65,"[-1.61, 0.32]",NA,-1.311146,0.189808
Sweden,All,Intrusion frequency,Intrusion diary,no,122,2,2,11,0.09,"[-0.46, 0.63]",NA,0.312267,0.754838
Switzerland,All,Intrusion frequency,Intrusion diary,no,231,3,3,3,0.38,"[-0.13, 0.89]",NA,1.449613,0.147166
USA,All,Intrusion frequency,Intrusion diary,no,708,8,8,13,-0.04,"[-0.33, 0.25]",NA,-0.257608,0.796709
Moderation Analysis: Country_RegionofOrigin,All,Intrusion frequency,Intrusion diary,yes,NA,NA,NA,NA,NA,NA,15.651,NA,0.406
Australia,All,Intrusion frequency,Intrusion diary,yes,1042,11,12,21,0.03,"[-0.17, 0.23]",NA,0.329465,0.741804
Austria,All,Intrusion frequency,Intrusion diary,yes,84,1,1,1,0.24,"[-0.49, 0.96]",NA,0.63715,0.524027
"Belgium, Netherlands",All,Intrusion frequency,Intrusion diary,yes,61,1,1,1,0.36,"[-0.31, 1.02]",NA,1.044838,0.296098
Belgium/Australia,All,Intrusion frequency,Intrusion diary,yes,74,1,1,2,0.24,"[-0.45, 0.92]",NA,0.675928,0.499087
China,All,Intrusion frequency,Intrusion diary,yes,66,1,1,2,0.68,"[0.02, 1.34]",NA,2.032587,0.042094
England,All,Intrusion frequency,Intrusion diary,yes,2377,34,41,74,0.15,"[0.04, 0.27]",NA,2.606005,0.009161
Germany,All,Intrusion frequency,Intrusion diary,yes,1604,15,15,34,0.15,"[-0.02, 0.32]",NA,1.747212,0.080601
Hong Kong SAR,All,Intrusion frequency,Intrusion diary,yes,240,2,3,3,0.43,"[0.02, 0.85]",NA,2.048973,0.040465
Israel,All,Intrusion frequency,Intrusion diary,yes,60,1,1,1,0.26,"[-0.50, 1.02]",NA,0.674998,0.499677
Netherlands,All,Intrusion frequency,Intrusion diary,yes,1874,20,24,64,0.19,"[0.06, 0.33]",NA,2.77446,0.005529
New Zealand,All,Intrusion frequency,Intrusion diary,yes,60,1,1,2,-0.39,"[-1.10, 0.32]",NA,-1.087561,0.276789
Norway,All,Intrusion frequency,Intrusion diary,yes,149,1,1,3,-0.01,"[-0.62, 0.60]",NA,-0.040184,0.967946
Scotland,All,Intrusion frequency,Intrusion diary,yes,38,1,1,1,-0.65,"[-1.51, 0.21]",NA,-1.475964,0.139953
Sweden,All,Intrusion frequency,Intrusion diary,yes,122,2,2,11,0.09,"[-0.37, 0.55]",NA,0.387993,0.698021
Switzerland,All,Intrusion frequency,Intrusion diary,yes,231,3,3,3,0.38,"[-0.06, 0.82]",NA,1.679577,0.09304
USA,All,Intrusion frequency,Intrusion diary,yes,708,8,8,13,-0.04,"[-0.28, 0.21]",NA,-0.298804,0.76509
Moderation Analysis: Continent,All,Intrusion frequency,Intrusion diary,no,NA,NA,NA,NA,NA,NA,6.879,NA,0.142
Asia,All,Intrusion frequency,Intrusion diary,no,366,4,5,6,0.46,"[0.10, 0.82]",NA,2.478778,0.013183
Australia,All,Intrusion frequency,Intrusion diary,no,1102,12,13,24,-0.02,"[-0.24, 0.20]",NA,-0.179176,0.857799
Australia/europe,All,Intrusion frequency,Intrusion diary,no,74,1,1,2,0.24,"[-0.54, 1.02]",NA,0.596915,0.550564
Europe,All,Intrusion frequency,Intrusion diary,no,6735,80,94,203,0.16,"[0.08, 0.24]",NA,3.843283,0.000121
North america,All,Intrusion frequency,Intrusion diary,no,708,8,8,13,-0.04,"[-0.32, 0.24]",NA,-0.263671,0.792034
Moderation Analysis: Continent,All,Intrusion frequency,Intrusion diary,yes,NA,NA,NA,NA,NA,NA,8.706,NA,0.069
Asia,All,Intrusion frequency,Intrusion diary,yes,366,4,5,6,0.46,"[0.15, 0.77]",NA,2.913989,0.003568
Australia,All,Intrusion frequency,Intrusion diary,yes,1102,12,13,23,0,"[-0.18, 0.19]",NA,0.029878,0.976164
Australia/europe,All,Intrusion frequency,Intrusion diary,yes,74,1,1,2,0.24,"[-0.43, 0.91]",NA,0.693668,0.48789
Europe,All,Intrusion frequency,Intrusion diary,yes,6540,78,89,192,0.16,"[0.09, 0.23]",NA,4.438743,0.000009
North america,All,Intrusion frequency,Intrusion diary,yes,708,8,8,13,-0.04,"[-0.28, 0.20]",NA,-0.303587,0.761443
Moderation Analysis: MeanAge,All,Intrusion frequency,Intrusion diary,no,NA,NA,NA,NA,NA,NA,0.519,NA,0.471
MeanAge,All,Intrusion frequency,Intrusion diary,no,8540,99,115,238,0.01,"[-0.01, 0.03]",NA,0.720707,0.47109
Moderation Analysis: MeanAge,All,Intrusion frequency,Intrusion diary,yes,NA,NA,NA,NA,NA,NA,0.149,NA,0.699
MeanAge,All,Intrusion frequency,Intrusion diary,yes,8384,98,111,227,0,"[-0.02, 0.03]",NA,0.386048,0.699461
Moderation Analysis: FemaleRatio,All,Intrusion frequency,Intrusion diary,no,NA,NA,NA,NA,NA,NA,0.632,NA,0.427
FemaleRatio,All,Intrusion frequency,Intrusion diary,no,8945,103,120,246,-0.16,"[-0.57, 0.24]",NA,-0.795012,0.426606
Moderation Analysis: FemaleRatio,All,Intrusion frequency,Intrusion diary,yes,NA,NA,NA,NA,NA,NA,1.074,NA,0.3
FemaleRatio,All,Intrusion frequency,Intrusion diary,yes,8750,101,115,234,-0.19,"[-0.54, 0.17]",NA,-1.036572,0.299935
Moderation Analysis: Procedure-based Superordinate Category,All,Intrusion frequency,Lab-based intrusion monitoring task,no,NA,NA,NA,NA,NA,NA,6.065,NA,0.014
Behavioural,All,Intrusion frequency,Lab-based intrusion monitoring task,no,2740,32,37,77,0.33,"[0.20, 0.46]",NA,5.099429,0
Pharmacological,All,Intrusion frequency,Lab-based intrusion monitoring task,no,119,2,2,2,-0.43,"[-1.01, 0.16]",NA,-1.419361,0.155794
Moderation Analysis: Procedure-based Superordinate Category,All,Intrusion frequency,Lab-based intrusion monitoring task,yes,NA,NA,NA,NA,NA,NA,1.389,NA,0.239
Behavioural,All,Intrusion frequency,Lab-based intrusion monitoring task,yes,2740,32,37,75,0.35,"[0.23, 0.47]",NA,5.781642,0
Pharmacological,All,Intrusion frequency,Lab-based intrusion monitoring task,yes,65,1,1,1,-0.11,"[-0.87, 0.64]",NA,-0.292816,0.769663
Moderation Analysis: Mechanism-based Superordinate Category,All,Intrusion frequency,Lab-based intrusion monitoring task,no,NA,NA,NA,NA,NA,NA,7.497,NA,0.112
Emotion,All,Intrusion frequency,Lab-based intrusion monitoring task,no,300,4,4,9,0.45,"[0.09, 0.81]",NA,2.440023,0.014686
Imagery,All,Intrusion frequency,Lab-based intrusion monitoring task,no,1128,12,15,28,0.49,"[0.30, 0.69]",NA,4.990386,0.000001
Imagery + verbal,All,Intrusion frequency,Lab-based intrusion monitoring task,no,135,1,2,2,0.54,"[-0.01, 1.08]",NA,1.937858,0.052641
Verbal,All,Intrusion frequency,Lab-based intrusion monitoring task,no,607,7,8,15,0.11,"[-0.13, 0.36]",NA,0.904437,0.365764
Verbal + imagery,All,Intrusion frequency,Lab-based intrusion monitoring task,no,200,2,2,4,0.53,"[0.14, 0.92]",NA,2.663176,0.007741
Moderation Analysis: Mechanism-based Superordinate Category,All,Intrusion frequency,Lab-based intrusion monitoring task,yes,NA,NA,NA,NA,NA,NA,3.784,NA,0.436
Emotion,All,Intrusion frequency,Lab-based intrusion monitoring task,yes,300,4,4,9,0.45,"[0.11, 0.78]",NA,2.603842,0.009219
Imagery,All,Intrusion frequency,Lab-based intrusion monitoring task,yes,1128,12,15,28,0.51,"[0.33, 0.69]",NA,5.434444,0
Imagery + verbal,All,Intrusion frequency,Lab-based intrusion monitoring task,yes,135,1,2,2,0.55,"[0.03, 1.06]",NA,2.071942,0.038271
Verbal,All,Intrusion frequency,Lab-based intrusion monitoring task,yes,542,6,7,13,0.25,"[0.01, 0.49]",NA,2.001124,0.045379
Verbal + imagery,All,Intrusion frequency,Lab-based intrusion monitoring task,yes,200,2,2,4,0.56,"[0.19, 0.93]",NA,2.940342,0.003279
Moderation Analysis: Direct vs. Indirect Involvement of Trauma Content,All,Intrusion frequency,Lab-based intrusion monitoring task,no,NA,NA,NA,NA,NA,NA,19.902,NA,0
Direct,All,Intrusion frequency,Lab-based intrusion monitoring task,no,1013,11,12,23,0.28,"[0.10, 0.46]",NA,3.070372,0.002138
Direct + indirect,All,Intrusion frequency,Lab-based intrusion monitoring task,no,637,7,10,16,0.73,"[0.51, 0.94]",NA,6.687162,0
Indirect,All,Intrusion frequency,Lab-based intrusion monitoring task,no,1314,17,18,29,0.15,"[-0.00, 0.30]",NA,1.958421,0.050181
Indirect + direct,All,Intrusion frequency,Lab-based intrusion monitoring task,no,349,3,3,9,0.27,"[-0.01, 0.54]",NA,1.864764,0.062214
Moderation Analysis: Direct vs. Indirect Involvement of Trauma Content,All,Intrusion frequency,Lab-based intrusion monitoring task,yes,NA,NA,NA,NA,NA,NA,21.181,NA,0
Direct,All,Intrusion frequency,Lab-based intrusion monitoring task,yes,1013,11,12,22,0.31,"[0.15, 0.48]",NA,3.698745,0.000217
Direct + indirect,All,Intrusion frequency,Lab-based intrusion monitoring task,yes,637,7,10,16,0.73,"[0.53, 0.92]",NA,7.122532,0
Indirect,All,Intrusion frequency,Lab-based intrusion monitoring task,yes,1314,17,18,28,0.17,"[0.03, 0.31]",NA,2.348744,0.018837
Indirect + direct,All,Intrusion frequency,Lab-based intrusion monitoring task,yes,349,3,3,9,0.25,"[-0.01, 0.52]",NA,1.860831,0.062768
Moderation Analysis: Task vs. Instruction of Techniques,All,Intrusion frequency,Lab-based intrusion monitoring task,no,NA,NA,NA,NA,NA,NA,2.635,NA,0.451
Instruction,All,Intrusion frequency,Lab-based intrusion monitoring task,no,609,6,6,10,0.27,"[-0.02, 0.56]",NA,1.829873,0.067269
Task,All,Intrusion frequency,Lab-based intrusion monitoring task,no,2360,28,33,60,0.34,"[0.21, 0.48]",NA,4.96284,0.000001
Task vs. Instruction,All,Intrusion frequency,Lab-based intrusion monitoring task,no,149,1,1,1,0.68,"[0.06, 1.30]",NA,2.139568,0.03239
Task+instruction,All,Intrusion frequency,Lab-based intrusion monitoring task,no,120,1,1,6,0.07,"[-0.40, 0.53]",NA,0.289712,0.772037
Moderation Analysis: Task vs. Instruction of Techniques,All,Intrusion frequency,Lab-based intrusion monitoring task,yes,NA,NA,NA,NA,NA,NA,2.819,NA,0.42
Instruction,All,Intrusion frequency,Lab-based intrusion monitoring task,yes,609,6,6,10,0.28,"[0.01, 0.55]",NA,1.999816,0.04552
Task,All,Intrusion frequency,Lab-based intrusion monitoring task,yes,2360,28,33,58,0.36,"[0.24, 0.49]",NA,5.61246,0
Task vs. Instruction,All,Intrusion frequency,Lab-based intrusion monitoring task,yes,149,1,1,1,0.69,"[0.07, 1.30]",NA,2.187979,0.028671
Task+instruction,All,Intrusion frequency,Lab-based intrusion monitoring task,yes,120,1,1,6,0.07,"[-0.37, 0.52]",NA,0.325158,0.745062
Moderation Analysis: TraumaStimuliType,All,Intrusion frequency,Lab-based intrusion monitoring task,no,NA,NA,NA,NA,NA,NA,1.65,NA,0.648
Audio,All,Intrusion frequency,Lab-based intrusion monitoring task,no,86,1,1,2,0.59,"[-0.22, 1.40]",NA,1.428017,0.153287
Film,All,Intrusion frequency,Lab-based intrusion monitoring task,no,2547,30,35,73,0.3,"[0.16, 0.44]",NA,4.179223,0.000029
Picture,All,Intrusion frequency,Lab-based intrusion monitoring task,no,110,1,1,2,-0.12,"[-0.91, 0.67]",NA,-0.296061,0.767183
Picture + audio,All,Intrusion frequency,Lab-based intrusion monitoring task,no,116,2,2,2,0.39,"[-0.25, 1.02]",NA,1.201479,0.229565
Moderation Analysis: TraumaStimuliType,All,Intrusion frequency,Lab-based intrusion monitoring task,yes,NA,NA,NA,NA,NA,NA,0.525,NA,0.913
Audio,All,Intrusion frequency,Lab-based intrusion monitoring task,yes,86,1,1,2,0.59,"[-0.13, 1.31]",NA,1.610598,0.107267
Film,All,Intrusion frequency,Lab-based intrusion monitoring task,yes,2493,29,34,71,0.33,"[0.20, 0.46]",NA,5.072142,0
Picture,All,Intrusion frequency,Lab-based intrusion monitoring task,yes,110,1,1,1,0.31,"[-0.46, 1.08]",NA,0.786067,0.431829
Picture + audio,All,Intrusion frequency,Lab-based intrusion monitoring task,yes,116,2,2,2,0.39,"[-0.19, 0.96]",NA,1.316238,0.188094
Moderation Analysis: ComparisonType,All,Intrusion frequency,Lab-based intrusion monitoring task,no,NA,NA,NA,NA,NA,NA,0.348,NA,0.555
Experimental task,All,Intrusion frequency,Lab-based intrusion monitoring task,no,1897,23,27,48,0.33,"[0.17, 0.49]",NA,3.986624,0.000067
No-task,All,Intrusion frequency,Lab-based intrusion monitoring task,no,962,11,12,31,0.24,"[0.01, 0.48]",NA,2.024443,0.042925
Moderation Analysis: ComparisonType,All,Intrusion frequency,Lab-based intrusion monitoring task,yes,NA,NA,NA,NA,NA,NA,0.162,NA,0.688
Experimental task,All,Intrusion frequency,Lab-based intrusion monitoring task,yes,1843,22,26,47,0.35,"[0.21, 0.50]",NA,4.815244,0.000001
No-task,All,Intrusion frequency,Lab-based intrusion monitoring task,yes,962,11,12,29,0.3,"[0.09, 0.51]",NA,2.836745,0.004558
Moderation Analysis: StudyDesign,All,Intrusion frequency,Lab-based intrusion monitoring task,no,NA,NA,NA,NA,NA,NA,0.933,NA,0.334
Between-subject,All,Intrusion frequency,Lab-based intrusion monitoring task,no,2753,32,37,77,0.28,"[0.15, 0.42]",NA,4.141116,0.000035
Within-subject,All,Intrusion frequency,Lab-based intrusion monitoring task,no,106,2,2,2,0.57,"[0.00, 1.14]",NA,1.973041,0.048491
Moderation Analysis: StudyDesign,All,Intrusion frequency,Lab-based intrusion monitoring task,yes,NA,NA,NA,NA,NA,NA,0.921,NA,0.337
Between-subject,All,Intrusion frequency,Lab-based intrusion monitoring task,yes,2699,31,36,74,0.32,"[0.20, 0.44]",NA,5.287159,0
Within-subject,All,Intrusion frequency,Lab-based intrusion monitoring task,yes,106,2,2,2,0.57,"[0.08, 1.07]",NA,2.263885,0.023581
Moderation Analysis: Time of Administration,All,Intrusion frequency,Lab-based intrusion monitoring task,no,NA,NA,NA,NA,NA,NA,1.431,NA,0.698
Delayed post,All,Intrusion frequency,Lab-based intrusion monitoring task,no,519,4,5,9,0.22,"[-0.14, 0.59]",NA,1.209593,0.226435
Immediate post,All,Intrusion frequency,Lab-based intrusion monitoring task,no,1550,20,23,50,0.36,"[0.19, 0.53]",NA,4.2371,0.000023
Peri,All,Intrusion frequency,Lab-based intrusion monitoring task,no,432,5,5,9,0.18,"[-0.18, 0.54]",NA,0.980497,0.326841
Pre,All,Intrusion frequency,Lab-based intrusion monitoring task,no,439,7,7,11,0.23,"[-0.05, 0.52]",NA,1.588607,0.112149
Moderation Analysis: Time of Administration,All,Intrusion frequency,Lab-based intrusion monitoring task,yes,NA,NA,NA,NA,NA,NA,0.747,NA,0.862
Delayed post,All,Intrusion frequency,Lab-based intrusion monitoring task,yes,519,4,5,9,0.22,"[-0.11, 0.54]",NA,1.310048,0.19018
Immediate post,All,Intrusion frequency,Lab-based intrusion monitoring task,yes,1550,20,23,50,0.37,"[0.22, 0.52]",NA,4.807395,0.000002
Peri,All,Intrusion frequency,Lab-based intrusion monitoring task,yes,432,5,5,7,0.34,"[0.00, 0.68]",NA,1.980743,0.04762
Pre,All,Intrusion frequency,Lab-based intrusion monitoring task,yes,385,6,6,10,0.32,"[0.04, 0.60]",NA,2.245264,0.024751
Moderation Analysis: Physio_binary,All,Intrusion frequency,Lab-based intrusion monitoring task,no,NA,NA,NA,NA,NA,NA,0.019,NA,0.889
No,All,Intrusion frequency,Lab-based intrusion monitoring task,no,2209,27,31,68,0.3,"[0.15, 0.44]",NA,3.887681,0.000101
Yes,All,Intrusion frequency,Lab-based intrusion monitoring task,no,650,8,8,11,0.32,"[0.02, 0.61]",NA,2.10841,0.034996
Moderation Analysis: Physio_binary,All,Intrusion frequency,Lab-based intrusion monitoring task,yes,NA,NA,NA,NA,NA,NA,0.044,NA,0.834
No,All,Intrusion frequency,Lab-based intrusion monitoring task,yes,2155,26,30,65,0.34,"[0.21, 0.48]",NA,5.068062,0
Yes,All,Intrusion frequency,Lab-based intrusion monitoring task,yes,650,8,8,11,0.31,"[0.05, 0.57]",NA,2.352444,0.01865
Moderation Analysis: Country_RegionofOrigin,All,Intrusion frequency,Lab-based intrusion monitoring task,no,NA,NA,NA,NA,NA,NA,43.772,NA,0
Australia,All,Intrusion frequency,Lab-based intrusion monitoring task,no,827,9,10,33,0,"[-0.16, 0.15]",NA,-0.031026,0.975249
"Belgium, Netherlands",All,Intrusion frequency,Lab-based intrusion monitoring task,no,61,1,1,1,0.76,"[0.22, 1.29]",NA,2.768483,0.005632
Belgium/Australia,All,Intrusion frequency,Lab-based intrusion monitoring task,no,74,1,1,2,-0.1,"[-0.64, 0.45]",NA,-0.342402,0.732048
England,All,Intrusion frequency,Lab-based intrusion monitoring task,no,666,9,12,21,0.62,"[0.45, 0.80]",NA,7.140163,0
Germany,All,Intrusion frequency,Lab-based intrusion monitoring task,no,505,6,6,8,0.13,"[-0.10, 0.36]",NA,1.125165,0.260519
Hong Kong SAR,All,Intrusion frequency,Lab-based intrusion monitoring task,no,150,2,2,2,0.36,"[-0.07, 0.79]",NA,1.655944,0.097733
Israel,All,Intrusion frequency,Lab-based intrusion monitoring task,no,60,1,1,1,0.87,"[0.21, 1.52]",NA,2.598244,0.00937
Netherlands,All,Intrusion frequency,Lab-based intrusion monitoring task,no,280,3,3,6,0.54,"[0.22, 0.86]",NA,3.298919,0.000971
Norway,All,Intrusion frequency,Lab-based intrusion monitoring task,no,149,1,1,3,0.04,"[-0.41, 0.49]",NA,0.186608,0.851968
USA,All,Intrusion frequency,Lab-based intrusion monitoring task,no,87,2,2,2,-0.09,"[-0.61, 0.43]",NA,-0.343591,0.731154
Moderation Analysis: Country_RegionofOrigin,All,Intrusion frequency,Lab-based intrusion monitoring task,yes,NA,NA,NA,NA,NA,NA,69.831,NA,0
Australia,All,Intrusion frequency,Lab-based intrusion monitoring task,yes,827,9,10,31,0.06,"[-0.04, 0.16]",NA,1.251227,0.210852
"Belgium, Netherlands",All,Intrusion frequency,Lab-based intrusion monitoring task,yes,61,1,1,1,0.76,"[0.38, 1.14]",NA,3.907516,0.000093
Belgium/Australia,All,Intrusion frequency,Lab-based intrusion monitoring task,yes,74,1,1,2,-0.1,"[-0.50, 0.31]",NA,-0.459891,0.645595
England,All,Intrusion frequency,Lab-based intrusion monitoring task,yes,666,9,12,21,0.61,"[0.48, 0.75]",NA,9.07515,0
Germany,All,Intrusion frequency,Lab-based intrusion monitoring task,yes,505,6,6,8,0.12,"[-0.04, 0.28]",NA,1.43002,0.152711
Hong Kong SAR,All,Intrusion frequency,Lab-based intrusion monitoring task,yes,150,2,2,2,0.38,"[0.04, 0.71]",NA,2.188163,0.028658
Israel,All,Intrusion frequency,Lab-based intrusion monitoring task,yes,60,1,1,1,0.87,"[0.33, 1.40]",NA,3.184098,0.001452
Netherlands,All,Intrusion frequency,Lab-based intrusion monitoring task,yes,280,3,3,6,0.51,"[0.28, 0.74]",NA,4.37505,0.000012
Norway,All,Intrusion frequency,Lab-based intrusion monitoring task,yes,149,1,1,3,0.04,"[-0.23, 0.31]",NA,0.308108,0.758
USA,All,Intrusion frequency,Lab-based intrusion monitoring task,yes,33,1,1,1,0.9,"[0.18, 1.62]",NA,2.458272,0.013961
Moderation Analysis: Continent,All,Intrusion frequency,Lab-based intrusion monitoring task,no,NA,NA,NA,NA,NA,NA,17.665,NA,0.001
Asia,All,Intrusion frequency,Lab-based intrusion monitoring task,no,210,3,3,3,0.52,"[0.09, 0.94]",NA,2.391509,0.016779
Australia,All,Intrusion frequency,Lab-based intrusion monitoring task,no,827,9,10,33,-0.01,"[-0.21, 0.19]",NA,-0.08909,0.929011
Australia/europe,All,Intrusion frequency,Lab-based intrusion monitoring task,no,74,1,1,2,-0.1,"[-0.77, 0.58]",NA,-0.277889,0.781098
Europe,All,Intrusion frequency,Lab-based intrusion monitoring task,no,1661,20,23,39,0.46,"[0.32, 0.61]",NA,6.22101,0
North america,All,Intrusion frequency,Lab-based intrusion monitoring task,no,87,2,2,2,-0.06,"[-0.65, 0.53]",NA,-0.193188,0.846812
Moderation Analysis: Continent,All,Intrusion frequency,Lab-based intrusion monitoring task,yes,NA,NA,NA,NA,NA,NA,17.48,NA,0.002
Asia,All,Intrusion frequency,Lab-based intrusion monitoring task,yes,210,3,3,3,0.52,"[0.13, 0.90]",NA,2.649073,0.008071
Australia,All,Intrusion frequency,Lab-based intrusion monitoring task,yes,827,9,10,31,0.05,"[-0.12, 0.23]",NA,0.595478,0.551524
Australia/europe,All,Intrusion frequency,Lab-based intrusion monitoring task,yes,74,1,1,2,-0.1,"[-0.69, 0.50]",NA,-0.313528,0.75388
Europe,All,Intrusion frequency,Lab-based intrusion monitoring task,yes,1661,20,23,39,0.45,"[0.32, 0.58]",NA,6.894053,0
North america,All,Intrusion frequency,Lab-based intrusion monitoring task,yes,33,1,1,1,0.9,"[0.06, 1.75]",NA,2.099614,0.035763
Moderation Analysis: MeanAge,All,Intrusion frequency,Lab-based intrusion monitoring task,no,NA,NA,NA,NA,NA,NA,5.46,NA,0.019
MeanAge,All,Intrusion frequency,Lab-based intrusion monitoring task,no,2859,34,39,79,0.05,"[0.01, 0.09]",NA,2.336644,0.019458
Moderation Analysis: MeanAge,All,Intrusion frequency,Lab-based intrusion monitoring task,yes,NA,NA,NA,NA,NA,NA,4.193,NA,0.041
MeanAge,All,Intrusion frequency,Lab-based intrusion monitoring task,yes,2805,33,38,76,0.04,"[0.00, 0.08]",NA,2.047684,0.040591
Moderation Analysis: FemaleRatio,All,Intrusion frequency,Lab-based intrusion monitoring task,no,NA,NA,NA,NA,NA,NA,1.397,NA,0.237
FemaleRatio,All,Intrusion frequency,Lab-based intrusion monitoring task,no,2859,34,39,79,-0.5,"[-1.34, 0.33]",NA,-1.181918,0.237238
Moderation Analysis: FemaleRatio,All,Intrusion frequency,Lab-based intrusion monitoring task,yes,NA,NA,NA,NA,NA,NA,3.846,NA,0.05
FemaleRatio,All,Intrusion frequency,Lab-based intrusion monitoring task,yes,2805,33,38,76,-0.73,"[-1.46, -0.00]",NA,-1.961179,0.049858
Moderation Analysis: Procedure-based Superordinate Category,All,Intrusion frequency,Self-report questionnaire,no,NA,NA,NA,NA,NA,NA,0.067,NA,0.796
Behavioural,All,Intrusion frequency,Self-report questionnaire,no,1597,15,16,41,0.13,"[-0.06, 0.31]",NA,1.348547,0.177482
Neuromodulation,All,Intrusion frequency,Self-report questionnaire,no,118,1,1,2,0.23,"[-0.49, 0.94]",NA,0.615804,0.538024
Moderation Analysis: Procedure-based Superordinate Category,All,Intrusion frequency,Self-report questionnaire,yes,NA,NA,NA,NA,NA,NA,0.118,NA,0.731
Behavioural,All,Intrusion frequency,Self-report questionnaire,yes,1597,15,16,40,0.11,"[-0.07, 0.28]",NA,1.215171,0.224301
Neuromodulation,All,Intrusion frequency,Self-report questionnaire,yes,118,1,1,2,0.23,"[-0.43, 0.88]",NA,0.671546,0.501873
Moderation Analysis: Mechanism-based Superordinate Category,All,Intrusion frequency,Self-report questionnaire,no,NA,NA,NA,NA,NA,NA,1.688,NA,0.64
Emotion,All,Intrusion frequency,Self-report questionnaire,no,296,3,3,5,0.25,"[-0.21, 0.70]",NA,1.067818,0.285603
Imagery,All,Intrusion frequency,Self-report questionnaire,no,694,6,6,14,0.08,"[-0.22, 0.39]",NA,0.516373,0.605594
Verbal,All,Intrusion frequency,Self-report questionnaire,no,610,7,7,19,0.01,"[-0.27, 0.30]",NA,0.102245,0.918562
Verbal vs. Imagery,All,Intrusion frequency,Self-report questionnaire,no,34,1,1,1,0.58,"[-0.41, 1.57]",NA,1.152743,0.249016
Moderation Analysis: Mechanism-based Superordinate Category,All,Intrusion frequency,Self-report questionnaire,yes,NA,NA,NA,NA,NA,NA,1.879,NA,0.598
Emotion,All,Intrusion frequency,Self-report questionnaire,yes,296,3,3,5,0.22,"[-0.20, 0.65]",NA,1.028136,0.303886
Imagery,All,Intrusion frequency,Self-report questionnaire,yes,694,6,6,13,0.05,"[-0.24, 0.34]",NA,0.323342,0.746436
Verbal,All,Intrusion frequency,Self-report questionnaire,yes,610,7,7,19,0.01,"[-0.26, 0.27]",NA,0.040751,0.967495
Verbal vs. Imagery,All,Intrusion frequency,Self-report questionnaire,yes,34,1,1,1,0.58,"[-0.36, 1.52]",NA,1.213954,0.224765
Moderation Analysis: Direct vs. Indirect Involvement of Trauma Content,All,Intrusion frequency,Self-report questionnaire,no,NA,NA,NA,NA,NA,NA,4.972,NA,0.083
Direct,All,Intrusion frequency,Self-report questionnaire,no,1092,11,12,36,0.08,"[-0.11, 0.27]",NA,0.801084,0.423083
Direct + indirect,All,Intrusion frequency,Self-report questionnaire,no,107,1,1,2,0.84,"[0.19, 1.50]",NA,2.51207,0.012003
Indirect,All,Intrusion frequency,Self-report questionnaire,no,398,3,3,3,0.05,"[-0.35, 0.44]",NA,0.228235,0.819464
Moderation Analysis: Direct vs. Indirect Involvement of Trauma Content,All,Intrusion frequency,Self-report questionnaire,yes,NA,NA,NA,NA,NA,NA,2.753,NA,0.252
Direct,All,Intrusion frequency,Self-report questionnaire,yes,1092,11,12,36,0.08,"[-0.11, 0.27]",NA,0.801084,0.423083
Direct + indirect,All,Intrusion frequency,Self-report questionnaire,yes,107,1,1,1,0.71,"[-0.03, 1.45]",NA,1.886248,0.059262
Indirect,All,Intrusion frequency,Self-report questionnaire,yes,398,3,3,3,0.05,"[-0.35, 0.44]",NA,0.228235,0.819464
Moderation Analysis: Task vs. Instruction of Techniques,All,Intrusion frequency,Self-report questionnaire,no,NA,NA,NA,NA,NA,NA,2.355,NA,0.125
Instruction,All,Intrusion frequency,Self-report questionnaire,no,112,2,2,5,0.52,"[-0.01, 1.05]",NA,1.906306,0.056611
Task,All,Intrusion frequency,Self-report questionnaire,no,1485,13,14,36,0.08,"[-0.11, 0.26]",NA,0.799729,0.423868
Moderation Analysis: Task vs. Instruction of Techniques,All,Intrusion frequency,Self-report questionnaire,yes,NA,NA,NA,NA,NA,NA,3.253,NA,0.071
Instruction,All,Intrusion frequency,Self-report questionnaire,yes,112,2,2,5,0.52,"[0.04, 1.00]",NA,2.108483,0.034989
Task,All,Intrusion frequency,Self-report questionnaire,yes,1485,13,14,35,0.05,"[-0.12, 0.22]",NA,0.582939,0.559934
Moderation Analysis: TraumaStimuliType,All,Intrusion frequency,Self-report questionnaire,no,NA,NA,NA,NA,NA,NA,0.028,NA,0.866
Film,All,Intrusion frequency,Self-report questionnaire,no,1501,14,15,39,0.13,"[-0.06, 0.32]",NA,1.302704,0.192676
Picture,All,Intrusion frequency,Self-report questionnaire,no,214,2,2,4,0.17,"[-0.33, 0.68]",NA,0.676271,0.498868
Moderation Analysis: TraumaStimuliType,All,Intrusion frequency,Self-report questionnaire,yes,NA,NA,NA,NA,NA,NA,0.074,NA,0.785
Film,All,Intrusion frequency,Self-report questionnaire,yes,1501,14,15,38,0.11,"[-0.07, 0.28]",NA,1.156641,0.247419
Picture,All,Intrusion frequency,Self-report questionnaire,yes,214,2,2,4,0.17,"[-0.29, 0.64]",NA,0.737537,0.460796
Moderation Analysis: ComparisonType,All,Intrusion frequency,Self-report questionnaire,no,NA,NA,NA,NA,NA,NA,2.399,NA,0.121
Experimental task,All,Intrusion frequency,Self-report questionnaire,no,1603,14,15,38,0.08,"[-0.09, 0.26]",NA,0.95543,0.33936
No-task,All,Intrusion frequency,Self-report questionnaire,no,112,2,2,5,0.52,"[-0.00, 1.04]",NA,1.955024,0.05058
Moderation Analysis: ComparisonType,All,Intrusion frequency,Self-report questionnaire,yes,NA,NA,NA,NA,NA,NA,3.253,NA,0.071
Experimental task,All,Intrusion frequency,Self-report questionnaire,yes,1603,14,15,37,0.06,"[-0.10, 0.22]",NA,0.756663,0.449252
No-task,All,Intrusion frequency,Self-report questionnaire,yes,112,2,2,5,0.52,"[0.05, 0.99]",NA,2.149158,0.031622
Moderation Analysis: Time of Administration,All,Intrusion frequency,Self-report questionnaire,no,NA,NA,NA,NA,NA,NA,3.381,NA,0.496
Delayed post,All,Intrusion frequency,Self-report questionnaire,no,517,3,3,10,-0.06,"[-0.46, 0.34]",NA,-0.276475,0.782183
Immediate + delayed post,All,Intrusion frequency,Self-report questionnaire,no,82,1,1,1,-0.32,"[-1.10, 0.47]",NA,-0.788633,0.430327
Immediate post,All,Intrusion frequency,Self-report questionnaire,no,836,9,9,25,0.19,"[-0.05, 0.44]",NA,1.527728,0.12658
Peri,All,Intrusion frequency,Self-report questionnaire,no,129,2,2,4,0.16,"[-0.39, 0.71]",NA,0.559622,0.575737
Pre,All,Intrusion frequency,Self-report questionnaire,no,151,2,2,3,0.43,"[-0.14, 1.01]",NA,1.467599,0.142213
Moderation Analysis: Time of Administration,All,Intrusion frequency,Self-report questionnaire,yes,NA,NA,NA,NA,NA,NA,3.651,NA,0.455
Delayed post,All,Intrusion frequency,Self-report questionnaire,yes,517,3,3,10,-0.06,"[-0.42, 0.30]",NA,-0.315582,0.75232
Immediate + delayed post,All,Intrusion frequency,Self-report questionnaire,yes,82,1,1,1,-0.32,"[-1.04, 0.41]",NA,-0.847552,0.396687
Immediate post,All,Intrusion frequency,Self-report questionnaire,yes,836,9,9,24,0.16,"[-0.07, 0.39]",NA,1.382222,0.166903
Peri,All,Intrusion frequency,Self-report questionnaire,yes,129,2,2,4,0.16,"[-0.36, 0.67]",NA,0.595037,0.551819
Pre,All,Intrusion frequency,Self-report questionnaire,yes,151,2,2,3,0.42,"[-0.12, 0.96]",NA,1.539904,0.123584
Moderation Analysis: Physio_binary,All,Intrusion frequency,Self-report questionnaire,no,NA,NA,NA,NA,NA,NA,2.744,NA,0.098
No,All,Intrusion frequency,Self-report questionnaire,no,955,10,11,29,0.24,"[0.03, 0.46]",NA,2.204101,0.027517
Yes,All,Intrusion frequency,Self-report questionnaire,no,760,6,6,14,-0.05,"[-0.33, 0.22]",NA,-0.380532,0.703551
Moderation Analysis: Physio_binary,All,Intrusion frequency,Self-report questionnaire,yes,NA,NA,NA,NA,NA,NA,2.476,NA,0.116
No,All,Intrusion frequency,Self-report questionnaire,yes,955,10,11,28,0.21,"[0.01, 0.42]",NA,2.042869,0.041065
Yes,All,Intrusion frequency,Self-report questionnaire,yes,760,6,6,14,-0.05,"[-0.31, 0.21]",NA,-0.388689,0.697506
Moderation Analysis: PublicationStatus,All,Intrusion frequency,Self-report questionnaire,no,NA,NA,NA,NA,NA,NA,0.052,NA,0.82
Published,All,Intrusion frequency,Self-report questionnaire,no,1404,13,14,37,0.14,"[-0.05, 0.34]",NA,1.420592,0.155435
Unpublished,All,Intrusion frequency,Self-report questionnaire,no,311,3,3,6,0.09,"[-0.35, 0.52]",NA,0.397868,0.690727
Moderation Analysis: PublicationStatus,All,Intrusion frequency,Self-report questionnaire,yes,NA,NA,NA,NA,NA,NA,0.02,NA,0.889
Published,All,Intrusion frequency,Self-report questionnaire,yes,1404,13,14,36,0.12,"[-0.06, 0.30]",NA,1.278423,0.2011
Unpublished,All,Intrusion frequency,Self-report questionnaire,yes,311,3,3,6,0.09,"[-0.31, 0.49]",NA,0.431087,0.666405
Moderation Analysis: Country_RegionofOrigin,All,Intrusion frequency,Self-report questionnaire,no,NA,NA,NA,NA,NA,NA,1.691,NA,0.792
Australia,All,Intrusion frequency,Self-report questionnaire,no,164,2,2,4,0.32,"[-0.21, 0.86]",NA,1.18731,0.235105
England,All,Intrusion frequency,Self-report questionnaire,no,408,5,5,10,0.21,"[-0.14, 0.55]",NA,1.188658,0.234574
Germany,All,Intrusion frequency,Self-report questionnaire,no,299,2,2,3,0.17,"[-0.35, 0.68]",NA,0.628609,0.529605
Netherlands,All,Intrusion frequency,Self-report questionnaire,no,291,3,4,15,0.13,"[-0.25, 0.51]",NA,0.671051,0.502188
USA,All,Intrusion frequency,Self-report questionnaire,no,553,4,4,11,-0.06,"[-0.43, 0.32]",NA,-0.305582,0.759923
Moderation Analysis: Country_RegionofOrigin,All,Intrusion frequency,Self-report questionnaire,yes,NA,NA,NA,NA,NA,NA,1.584,NA,0.812
Australia,All,Intrusion frequency,Self-report questionnaire,yes,164,2,2,3,0.21,"[-0.31, 0.73]",NA,0.788636,0.430325
England,All,Intrusion frequency,Self-report questionnaire,yes,408,5,5,10,0.21,"[-0.11, 0.53]",NA,1.272541,0.203181
Germany,All,Intrusion frequency,Self-report questionnaire,yes,299,2,2,3,0.17,"[-0.31, 0.64]",NA,0.679978,0.496518
Netherlands,All,Intrusion frequency,Self-report questionnaire,yes,291,3,4,15,0.13,"[-0.23, 0.48]",NA,0.701862,0.482765
USA,All,Intrusion frequency,Self-report questionnaire,yes,553,4,4,11,-0.07,"[-0.42, 0.28]",NA,-0.391403,0.695499
Moderation Analysis: Continent,All,Intrusion frequency,Self-report questionnaire,no,NA,NA,NA,NA,NA,NA,2.097,NA,0.35
Australia,All,Intrusion frequency,Self-report questionnaire,no,164,2,2,4,0.33,"[-0.16, 0.82]",NA,1.302825,0.192634
Europe,All,Intrusion frequency,Self-report questionnaire,no,998,10,11,28,0.17,"[-0.04, 0.38]",NA,1.591029,0.111603
North america,All,Intrusion frequency,Self-report questionnaire,no,553,4,4,11,-0.07,"[-0.41, 0.27]",NA,-0.412661,0.679855
Moderation Analysis: Continent,All,Intrusion frequency,Self-report questionnaire,yes,NA,NA,NA,NA,NA,NA,1.981,NA,0.371
Australia,All,Intrusion frequency,Self-report questionnaire,yes,164,2,2,3,0.2,"[-0.28, 0.68]",NA,0.827885,0.407735
Europe,All,Intrusion frequency,Self-report questionnaire,yes,998,10,11,28,0.17,"[-0.03, 0.36]",NA,1.705115,0.088173
North america,All,Intrusion frequency,Self-report questionnaire,yes,553,4,4,11,-0.08,"[-0.40, 0.23]",NA,-0.530812,0.595549
Moderation Analysis: MeanAge,All,Intrusion frequency,Self-report questionnaire,no,NA,NA,NA,NA,NA,NA,3.233,NA,0.072
MeanAge,All,Intrusion frequency,Self-report questionnaire,no,1715,16,17,43,0.04,"[-0.00, 0.09]",NA,1.798072,0.072166
Moderation Analysis: MeanAge,All,Intrusion frequency,Self-report questionnaire,yes,NA,NA,NA,NA,NA,NA,2.488,NA,0.115
MeanAge,All,Intrusion frequency,Self-report questionnaire,yes,1715,16,17,42,0.04,"[-0.01, 0.08]",NA,1.577377,0.114709
Moderation Analysis: FemaleRatio,All,Intrusion frequency,Self-report questionnaire,no,NA,NA,NA,NA,NA,NA,1.584,NA,0.208
FemaleRatio,All,Intrusion frequency,Self-report questionnaire,no,1715,16,17,43,-0.64,"[-1.64, 0.36]",NA,-1.258748,0.208121
Moderation Analysis: FemaleRatio,All,Intrusion frequency,Self-report questionnaire,yes,NA,NA,NA,NA,NA,NA,1.586,NA,0.208
FemaleRatio,All,Intrusion frequency,Self-report questionnaire,yes,1715,16,17,42,-0.6,"[-1.54, 0.33]",NA,-1.259463,0.207863
Moderation Analysis: Procedure-based Superordinate Category,All,Intrusion symptoms,NA,no,NA,NA,NA,NA,NA,NA,3.159,NA,0.076
Behavioural,All,Intrusion symptoms,NA,no,4530,46,53,96,0.06,"[-0.03, 0.14]",NA,1.33362,0.182328
Pharmacological,All,Intrusion symptoms,NA,no,200,2,2,4,0.44,"[0.03, 0.85]",NA,2.097259,0.035971
Moderation Analysis: Procedure-based Superordinate Category,All,Intrusion symptoms,NA,yes,NA,NA,NA,NA,NA,NA,3.417,NA,0.065
Behavioural,All,Intrusion symptoms,NA,yes,4485,45,52,91,0.08,"[0.01, 0.16]",NA,2.122501,0.033796
Pharmacological,All,Intrusion symptoms,NA,yes,200,2,2,4,0.44,"[0.07, 0.80]",NA,2.343126,0.019123
Moderation Analysis: Mechanism-based Superordinate Category,All,Intrusion symptoms,NA,no,NA,NA,NA,NA,NA,NA,5.429,NA,0.143
Emotion,All,Intrusion symptoms,NA,no,714,9,9,10,-0.07,"[-0.31, 0.17]",NA,-0.592075,0.5538
Imagery,All,Intrusion symptoms,NA,no,1676,18,20,33,0.03,"[-0.12, 0.18]",NA,0.377151,0.706062
Imagery + verbal,All,Intrusion symptoms,NA,no,250,1,3,3,0.53,"[0.08, 0.99]",NA,2.298075,0.021558
Verbal,All,Intrusion symptoms,NA,no,1691,15,16,24,0.05,"[-0.11, 0.22]",NA,0.627635,0.530243
Moderation Analysis: Mechanism-based Superordinate Category,All,Intrusion symptoms,NA,yes,NA,NA,NA,NA,NA,NA,6.178,NA,0.103
Emotion,All,Intrusion symptoms,NA,yes,651,8,8,9,-0.02,"[-0.22, 0.18]",NA,-0.191742,0.847944
Imagery,All,Intrusion symptoms,NA,yes,1676,18,20,31,0.09,"[-0.04, 0.22]",NA,1.415184,0.157014
Imagery + verbal,All,Intrusion symptoms,NA,yes,250,1,3,3,0.52,"[0.14, 0.90]",NA,2.676469,0.00744
Verbal,All,Intrusion symptoms,NA,yes,1646,14,15,22,0.06,"[-0.08, 0.20]",NA,0.827546,0.407928
Moderation Analysis: Direct vs. Indirect Involvement of Trauma Content,All,Intrusion symptoms,NA,no,NA,NA,NA,NA,NA,NA,8.12,NA,0.087
Direct,All,Intrusion symptoms,NA,no,1978,18,19,33,0.02,"[-0.12, 0.17]",NA,0.329077,0.742097
Direct + indirect,All,Intrusion symptoms,NA,no,990,9,12,18,0.26,"[0.07, 0.45]",NA,2.676235,0.007445
Direct vs. Indirect,All,Intrusion symptoms,NA,no,105,2,2,2,-0.35,"[-0.95, 0.24]",NA,-1.166728,0.24332
Indirect,All,Intrusion symptoms,NA,no,2148,27,30,42,0.02,"[-0.10, 0.15]",NA,0.34635,0.729079
Indirect + direct,All,Intrusion symptoms,NA,no,149,1,1,1,-0.27,"[-0.94, 0.40]",NA,-0.783348,0.433423
Moderation Analysis: Direct vs. Indirect Involvement of Trauma Content,All,Intrusion symptoms,NA,yes,NA,NA,NA,NA,NA,NA,8.912,NA,0.063
Direct,All,Intrusion symptoms,NA,yes,1933,17,18,29,0.08,"[-0.05, 0.21]",NA,1.158239,0.246766
Direct + indirect,All,Intrusion symptoms,NA,yes,990,9,12,18,0.25,"[0.08, 0.42]",NA,2.951301,0.003164
Direct vs. Indirect,All,Intrusion symptoms,NA,yes,105,2,2,2,-0.34,"[-0.88, 0.20]",NA,-1.242531,0.214041
Indirect,All,Intrusion symptoms,NA,yes,2085,26,29,41,0.04,"[-0.07, 0.15]",NA,0.759793,0.447379
Indirect + direct,All,Intrusion symptoms,NA,yes,149,1,1,1,-0.25,"[-0.81, 0.31]",NA,-0.866857,0.38602
Moderation Analysis: Task vs. Instruction of Techniques,All,Intrusion symptoms,NA,no,NA,NA,NA,NA,NA,NA,3.45,NA,0.178
Instruction,All,Intrusion symptoms,NA,no,650,7,7,11,-0.04,"[-0.29, 0.20]",NA,-0.33413,0.738282
Instruction vs. Task,All,Intrusion symptoms,NA,no,51,1,1,1,-0.66,"[-1.51, 0.19]",NA,-1.5169,0.129292
Task,All,Intrusion symptoms,NA,no,4116,42,49,84,0.08,"[-0.02, 0.17]",NA,1.625978,0.103954
Moderation Analysis: Task vs. Instruction of Techniques,All,Intrusion symptoms,NA,yes,NA,NA,NA,NA,NA,NA,4.882,NA,0.087
Instruction,All,Intrusion symptoms,NA,yes,605,6,6,9,-0.04,"[-0.27, 0.19]",NA,-0.375515,0.707277
Instruction vs. Task,All,Intrusion symptoms,NA,yes,51,1,1,1,-0.66,"[-1.43, 0.11]",NA,-1.676858,0.09357
Task,All,Intrusion symptoms,NA,yes,4116,42,49,81,0.1,"[0.02, 0.19]",NA,2.469272,0.013539
Moderation Analysis: TraumaStimuliType,All,Intrusion symptoms,NA,no,NA,NA,NA,NA,NA,NA,0.646,NA,0.724
Audio,All,Intrusion symptoms,NA,no,212,3,3,8,-0.06,"[-0.42, 0.29]",NA,-0.339837,0.733979
Film,All,Intrusion symptoms,NA,no,4143,40,47,86,0.09,"[-0.01, 0.18]",NA,1.804011,0.07123
Picture,All,Intrusion symptoms,NA,no,375,5,5,6,0.05,"[-0.26, 0.36]",NA,0.31502,0.752747
Moderation Analysis: TraumaStimuliType,All,Intrusion symptoms,NA,yes,NA,NA,NA,NA,NA,NA,0.198,NA,0.906
Audio,All,Intrusion symptoms,NA,yes,212,3,3,7,0.06,"[-0.28, 0.40]",NA,0.338367,0.735086
Film,All,Intrusion symptoms,NA,yes,4098,39,46,82,0.11,"[0.02, 0.19]",NA,2.432668,0.014988
Picture,All,Intrusion symptoms,NA,yes,375,5,5,6,0.05,"[-0.23, 0.33]",NA,0.35489,0.722672
Moderation Analysis: ComparisonType,All,Intrusion symptoms,NA,no,NA,NA,NA,NA,NA,NA,2.768,NA,0.096
Experimental task,All,Intrusion symptoms,NA,no,2808,32,35,57,0.02,"[-0.09, 0.12]",NA,0.302287,0.762434
No-task,All,Intrusion symptoms,NA,no,1922,16,20,43,0.16,"[0.03, 0.29]",NA,2.389702,0.016862
Moderation Analysis: ComparisonType,All,Intrusion symptoms,NA,yes,NA,NA,NA,NA,NA,NA,2.501,NA,0.114
Experimental task,All,Intrusion symptoms,NA,yes,2808,32,35,54,0.05,"[-0.05, 0.15]",NA,1.020715,0.307389
No-task,All,Intrusion symptoms,NA,yes,1877,15,19,41,0.18,"[0.05, 0.30]",NA,2.83548,0.004576
Moderation Analysis: StudyDesign,All,Intrusion symptoms,NA,no,NA,NA,NA,NA,NA,NA,0.014,NA,0.907
Between-subject,All,Intrusion symptoms,NA,no,4634,47,54,99,0.07,"[-0.01, 0.16]",NA,1.647802,0.099393
Within-subject,All,Intrusion symptoms,NA,no,96,1,1,1,0.11,"[-0.51, 0.74]",NA,0.348504,0.727462
Moderation Analysis: StudyDesign,All,Intrusion symptoms,NA,yes,NA,NA,NA,NA,NA,NA,0.002,NA,0.963
Between-subject,All,Intrusion symptoms,NA,yes,4589,46,53,94,0.1,"[0.02, 0.18]",NA,2.417685,0.01562
Within-subject,All,Intrusion symptoms,NA,yes,96,1,1,1,0.11,"[-0.41, 0.63]",NA,0.419146,0.675109
Moderation Analysis: Time of Administration,All,Intrusion symptoms,NA,no,NA,NA,NA,NA,NA,NA,6.575,NA,0.254
Delayed post,All,Intrusion symptoms,NA,no,545,6,7,15,0.02,"[-0.21, 0.25]",NA,0.146716,0.883356
Immediate + delayed post,All,Intrusion symptoms,NA,no,112,1,1,2,0.44,"[-0.13, 1.01]",NA,1.519328,0.12868
Immediate post,All,Intrusion symptoms,NA,no,2864,30,35,63,0.1,"[-0.01, 0.21]",NA,1.855754,0.063489
Peri,All,Intrusion symptoms,NA,no,630,7,7,12,0.1,"[-0.14, 0.35]",NA,0.84466,0.398301
Peri + immediate post,All,Intrusion symptoms,NA,no,67,1,1,1,-0.63,"[-1.36, 0.10]",NA,-1.69398,0.090269
Pre,All,Intrusion symptoms,NA,no,597,5,5,7,-0.05,"[-0.32, 0.22]",NA,-0.369228,0.711957
Moderation Analysis: Time of Administration,All,Intrusion symptoms,NA,yes,NA,NA,NA,NA,NA,NA,10.376,NA,0.065
Delayed post,All,Intrusion symptoms,NA,yes,545,6,7,14,0.06,"[-0.15, 0.28]",NA,0.58322,0.559745
Immediate + delayed post,All,Intrusion symptoms,NA,yes,112,1,1,2,0.44,"[-0.06, 0.94]",NA,1.731725,0.083323
Immediate post,All,Intrusion symptoms,NA,yes,2819,29,34,59,0.14,"[0.04, 0.23]",NA,2.877014,0.004015
Peri,All,Intrusion symptoms,NA,yes,630,7,7,12,0.11,"[-0.11, 0.32]",NA,0.967542,0.333273
Peri + immediate post,All,Intrusion symptoms,NA,yes,67,1,1,1,-0.63,"[-1.26, -0.00]",NA,-1.960438,0.049945
Pre,All,Intrusion symptoms,NA,yes,597,5,5,7,-0.09,"[-0.32, 0.14]",NA,-0.740796,0.458817
Moderation Analysis: Physio_binary,All,Intrusion symptoms,NA,no,NA,NA,NA,NA,NA,NA,0.049,NA,0.825
No,All,Intrusion symptoms,NA,no,3784,37,43,81,0.08,"[-0.02, 0.18]",NA,1.60311,0.10891
Yes,All,Intrusion symptoms,NA,no,946,12,12,19,0.06,"[-0.14, 0.25]",NA,0.556184,0.578085
Moderation Analysis: Physio_binary,All,Intrusion symptoms,NA,yes,NA,NA,NA,NA,NA,NA,0.026,NA,0.871
No,All,Intrusion symptoms,NA,yes,3739,36,42,77,0.1,"[0.01, 0.19]",NA,2.265892,0.023458
Yes,All,Intrusion symptoms,NA,yes,946,12,12,18,0.09,"[-0.09, 0.26]",NA,0.949815,0.342206
Moderation Analysis: PublicationStatus,All,Intrusion symptoms,NA,no,NA,NA,NA,NA,NA,NA,1.449,NA,0.229
Published,All,Intrusion symptoms,NA,no,4529,44,51,93,0.09,"[-0.00, 0.18]",NA,1.95322,0.050794
Unpublished,All,Intrusion symptoms,NA,no,201,4,4,7,-0.13,"[-0.47, 0.21]",NA,-0.735012,0.462332
Moderation Analysis: PublicationStatus,All,Intrusion symptoms,NA,yes,NA,NA,NA,NA,NA,NA,2.184,NA,0.139
Published,All,Intrusion symptoms,NA,yes,4484,43,50,88,0.11,"[0.03, 0.20]",NA,2.796536,0.005165
Unpublished,All,Intrusion symptoms,NA,yes,201,4,4,7,-0.13,"[-0.44, 0.18]",NA,-0.800244,0.423569
Moderation Analysis: Country_RegionofOrigin,All,Intrusion symptoms,NA,no,NA,NA,NA,NA,NA,NA,12.338,NA,0.263
Australia,All,Intrusion symptoms,NA,no,1183,16,17,30,-0.1,"[-0.26, 0.06]",NA,-1.261609,0.20709
Belgium/Australia,All,Intrusion symptoms,NA,no,74,1,1,2,0,"[-0.61, 0.62]",NA,0.003011,0.997598
England,All,Intrusion symptoms,NA,no,496,8,9,15,0.17,"[-0.05, 0.40]",NA,1.490821,0.136009
Germany,All,Intrusion symptoms,NA,no,824,8,8,15,0.2,"[-0.00, 0.41]",NA,1.913259,0.055715
Hong Kong SAR,All,Intrusion symptoms,NA,no,240,2,3,3,0.43,"[0.02, 0.83]",NA,2.080755,0.037456
Israel,All,Intrusion symptoms,NA,no,60,1,1,1,0.39,"[-0.35, 1.13]",NA,1.030157,0.302937
Netherlands,All,Intrusion symptoms,NA,no,715,5,8,18,0.13,"[-0.07, 0.34]",NA,1.275567,0.202109
Norway,All,Intrusion symptoms,NA,no,149,1,1,3,-0.15,"[-0.66, 0.36]",NA,-0.574394,0.565701
Online,All,Intrusion symptoms,NA,no,293,1,1,1,0.14,"[-0.44, 0.73]",NA,0.474366,0.635239
Sweden,All,Intrusion symptoms,NA,no,41,1,1,3,-0.16,"[-0.83, 0.51]",NA,-0.460324,0.645284
USA,All,Intrusion symptoms,NA,no,655,5,5,9,0.04,"[-0.24, 0.31]",NA,0.26243,0.79299
Moderation Analysis: Country_RegionofOrigin,All,Intrusion symptoms,NA,yes,NA,NA,NA,NA,NA,NA,12.593,NA,0.247
Australia,All,Intrusion symptoms,NA,yes,1138,15,16,26,-0.05,"[-0.20, 0.10]",NA,-0.694681,0.487255
Belgium/Australia,All,Intrusion symptoms,NA,yes,74,1,1,2,0,"[-0.57, 0.57]",NA,-0.001025,0.999182
England,All,Intrusion symptoms,NA,yes,496,8,9,15,0.18,"[-0.03, 0.39]",NA,1.670996,0.094723
Germany,All,Intrusion symptoms,NA,yes,824,8,8,15,0.2,"[0.01, 0.38]",NA,2.084295,0.037133
Hong Kong SAR,All,Intrusion symptoms,NA,yes,240,2,3,3,0.43,"[0.08, 0.78]",NA,2.402805,0.01627
Israel,All,Intrusion symptoms,NA,yes,60,1,1,1,0.39,"[-0.27, 1.05]",NA,1.161293,0.245523
Netherlands,All,Intrusion symptoms,NA,yes,715,5,8,17,0.17,"[-0.02, 0.37]",NA,1.791637,0.073191
Norway,All,Intrusion symptoms,NA,yes,149,1,1,3,-0.15,"[-0.62, 0.32]",NA,-0.621272,0.534421
Online,All,Intrusion symptoms,NA,yes,293,1,1,1,0.14,"[-0.33, 0.62]",NA,0.584933,0.558593
Sweden,All,Intrusion symptoms,NA,yes,41,1,1,3,-0.16,"[-0.80, 0.48]",NA,-0.47689,0.63344
USA,All,Intrusion symptoms,NA,yes,655,5,5,9,0.03,"[-0.22, 0.27]",NA,0.208117,0.835137
Moderation Analysis: Continent,All,Intrusion symptoms,NA,no,NA,NA,NA,NA,NA,NA,10.341,NA,0.066
Asia,All,Intrusion symptoms,NA,no,300,3,4,4,0.42,"[0.07, 0.77]",NA,2.368739,0.017849
Australia,All,Intrusion symptoms,NA,no,1183,16,17,30,-0.1,"[-0.25, 0.05]",NA,-1.293236,0.19593
Australia/europe,All,Intrusion symptoms,NA,no,74,1,1,2,0,"[-0.60, 0.60]",NA,0.002863,0.997715
Europe,All,Intrusion symptoms,NA,no,2225,23,27,54,0.14,"[0.03, 0.26]",NA,2.423938,0.015353
North america,All,Intrusion symptoms,NA,no,655,5,5,9,0.04,"[-0.22, 0.31]",NA,0.297538,0.766056
Online,All,Intrusion symptoms,NA,no,293,1,1,1,0.14,"[-0.43, 0.71]",NA,0.488604,0.625122
Moderation Analysis: Continent,All,Intrusion symptoms,NA,yes,NA,NA,NA,NA,NA,NA,10.139,NA,0.071
Asia,All,Intrusion symptoms,NA,yes,300,3,4,4,0.42,"[0.12, 0.73]",NA,2.717158,0.006585
Australia,All,Intrusion symptoms,NA,yes,1138,15,16,26,-0.05,"[-0.20, 0.09]",NA,-0.710124,0.477628
Australia/europe,All,Intrusion symptoms,NA,yes,74,1,1,2,0,"[-0.56, 0.55]",NA,-0.001232,0.999017
Europe,All,Intrusion symptoms,NA,yes,2225,23,27,53,0.16,"[0.05, 0.26]",NA,2.913143,0.003578
North america,All,Intrusion symptoms,NA,yes,655,5,5,9,0.03,"[-0.21, 0.27]",NA,0.244165,0.807103
Online,All,Intrusion symptoms,NA,yes,293,1,1,1,0.14,"[-0.32, 0.60]",NA,0.603253,0.54634
Moderation Analysis: MeanAge,All,Intrusion symptoms,NA,no,NA,NA,NA,NA,NA,NA,2.49,NA,0.115
MeanAge,All,Intrusion symptoms,NA,no,4447,46,53,96,0.02,"[-0.00, 0.05]",NA,1.578002,0.114565
Moderation Analysis: MeanAge,All,Intrusion symptoms,NA,yes,NA,NA,NA,NA,NA,NA,1.595,NA,0.207
MeanAge,All,Intrusion symptoms,NA,yes,4402,45,52,91,0.01,"[-0.01, 0.04]",NA,1.263093,0.206556
Moderation Analysis: FemaleRatio,All,Intrusion symptoms,NA,no,NA,NA,NA,NA,NA,NA,0.731,NA,0.393
FemaleRatio,All,Intrusion symptoms,NA,no,4730,48,55,100,-0.23,"[-0.76, 0.30]",NA,-0.854908,0.392602
Moderation Analysis: FemaleRatio,All,Intrusion symptoms,NA,yes,NA,NA,NA,NA,NA,NA,0.439,NA,0.508
FemaleRatio,All,Intrusion symptoms,NA,yes,4685,47,54,95,-0.16,"[-0.65, 0.32]",NA,-0.662695,0.507526
Moderation Analysis: Procedure-based Superordinate Category,All,Intrusion-related distress,NA,no,NA,NA,NA,NA,NA,NA,1.659,NA,0.436
Behavioural,All,Intrusion-related distress,NA,no,4810,53,58,122,0.04,"[-0.03, 0.12]",NA,1.09416,0.273885
Neuromodulation,All,Intrusion-related distress,NA,no,118,1,1,2,-0.32,"[-0.87, 0.23]",NA,-1.132504,0.257423
Pharmacological,All,Intrusion-related distress,NA,no,861,8,8,12,0.06,"[-0.14, 0.26]",NA,0.583336,0.559667
Moderation Analysis: Procedure-based Superordinate Category,All,Intrusion-related distress,NA,yes,NA,NA,NA,NA,NA,NA,2.213,NA,0.331
Behavioural,All,Intrusion-related distress,NA,yes,4705,51,56,119,0.05,"[-0.02, 0.12]",NA,1.442771,0.149085
Neuromodulation,All,Intrusion-related distress,NA,yes,118,1,1,2,-0.32,"[-0.80, 0.16]",NA,-1.297454,0.194475
Pharmacological,All,Intrusion-related distress,NA,yes,861,8,8,11,0.03,"[-0.15, 0.21]",NA,0.349446,0.726754
Moderation Analysis: Mechanism-based Superordinate Category,All,Intrusion-related distress,NA,no,NA,NA,NA,NA,NA,NA,1.051,NA,0.902
Emotion,All,Intrusion-related distress,NA,no,975,13,13,26,0.07,"[-0.12, 0.25]",NA,0.714652,0.474824
Imagery,All,Intrusion-related distress,NA,no,1947,19,20,31,0.06,"[-0.09, 0.21]",NA,0.740269,0.459137
Imagery + verbal,All,Intrusion-related distress,NA,no,289,2,3,3,-0.05,"[-0.44, 0.34]",NA,-0.250833,0.801943
Verbal,All,Intrusion-related distress,NA,no,1031,12,13,31,-0.03,"[-0.21, 0.14]",NA,-0.355307,0.72236
Verbal + imagery,All,Intrusion-related distress,NA,no,200,2,2,2,0.09,"[-0.40, 0.58]",NA,0.358545,0.719936
Moderation Analysis: Mechanism-based Superordinate Category,All,Intrusion-related distress,NA,yes,NA,NA,NA,NA,NA,NA,2.516,NA,0.642
Emotion,All,Intrusion-related distress,NA,yes,936,12,12,25,0.14,"[-0.02, 0.30]",NA,1.733499,0.083007
Imagery,All,Intrusion-related distress,NA,yes,1881,18,19,30,0.04,"[-0.09, 0.17]",NA,0.553199,0.580127
Imagery + verbal,All,Intrusion-related distress,NA,yes,289,2,3,3,-0.06,"[-0.42, 0.31]",NA,-0.29597,0.767253
Verbal,All,Intrusion-related distress,NA,yes,1031,12,13,30,-0.02,"[-0.17, 0.13]",NA,-0.318765,0.749904
Verbal + imagery,All,Intrusion-related distress,NA,yes,200,2,2,2,0.07,"[-0.40, 0.54]",NA,0.277548,0.781359
Moderation Analysis: Direct vs. Indirect Involvement of Trauma Content,All,Intrusion-related distress,NA,no,NA,NA,NA,NA,NA,NA,0.807,NA,0.848
Direct,All,Intrusion-related distress,NA,no,2212,23,24,54,0.02,"[-0.10, 0.15]",NA,0.399789,0.689312
Direct + indirect,All,Intrusion-related distress,NA,no,455,4,5,8,-0.06,"[-0.32, 0.21]",NA,-0.418676,0.675453
Indirect,All,Intrusion-related distress,NA,no,2494,30,33,56,0.06,"[-0.05, 0.17]",NA,1.135268,0.256263
Indirect + direct,All,Intrusion-related distress,NA,no,200,2,2,4,-0.01,"[-0.41, 0.40]",NA,-0.026772,0.978641
Moderation Analysis: Direct vs. Indirect Involvement of Trauma Content,All,Intrusion-related distress,NA,yes,NA,NA,NA,NA,NA,NA,0.727,NA,0.867
Direct,All,Intrusion-related distress,NA,yes,2107,21,22,51,0.05,"[-0.06, 0.16]",NA,0.896679,0.36989
Direct + indirect,All,Intrusion-related distress,NA,yes,455,4,5,8,-0.05,"[-0.29, 0.20]",NA,-0.368827,0.712256
Indirect,All,Intrusion-related distress,NA,yes,2494,30,33,56,0.06,"[-0.04, 0.16]",NA,1.236799,0.216162
Indirect + direct,All,Intrusion-related distress,NA,yes,200,2,2,4,0,"[-0.38, 0.38]",NA,0.002441,0.998052
Moderation Analysis: Task vs. Instruction of Techniques,All,Intrusion-related distress,NA,no,NA,NA,NA,NA,NA,NA,0.537,NA,0.764
Instruction,All,Intrusion-related distress,NA,no,883,9,9,15,-0.03,"[-0.24, 0.18]",NA,-0.273869,0.784186
Task,All,Intrusion-related distress,NA,no,4277,48,53,104,0.04,"[-0.04, 0.13]",NA,1.071331,0.284021
Task+instruction,All,Intrusion-related distress,NA,no,120,1,1,3,0.09,"[-0.40, 0.58]",NA,0.36482,0.715246
Moderation Analysis: Task vs. Instruction of Techniques,All,Intrusion-related distress,NA,yes,NA,NA,NA,NA,NA,NA,1.029,NA,0.598
Instruction,All,Intrusion-related distress,NA,yes,883,9,9,15,-0.04,"[-0.24, 0.15]",NA,-0.427315,0.66915
Task,All,Intrusion-related distress,NA,yes,4172,46,51,101,0.06,"[-0.02, 0.13]",NA,1.541326,0.123237
Task+instruction,All,Intrusion-related distress,NA,yes,120,1,1,3,0.1,"[-0.35, 0.54]",NA,0.428633,0.66819
Moderation Analysis: TraumaStimuliType,All,Intrusion-related distress,NA,no,NA,NA,NA,NA,NA,NA,23.024,NA,0
Audio,All,Intrusion-related distress,NA,no,101,2,2,5,-0.21,"[-0.63, 0.22]",NA,-0.955178,0.339488
Computer crash,All,Intrusion-related distress,NA,no,39,1,1,1,-1.86,"[-2.70, -1.02]",NA,-4.34812,0.000014
Film,All,Intrusion-related distress,NA,no,5334,56,61,127,0.05,"[-0.02, 0.11]",NA,1.363782,0.172636
Picture,All,Intrusion-related distress,NA,no,216,2,2,3,0.3,"[-0.06, 0.66]",NA,1.616681,0.105947
Moderation Analysis: TraumaStimuliType,All,Intrusion-related distress,NA,yes,NA,NA,NA,NA,NA,NA,3.762,NA,0.152
Audio,All,Intrusion-related distress,NA,yes,101,2,2,5,-0.21,"[-0.62, 0.19]",NA,-1.017904,0.308723
Film,All,Intrusion-related distress,NA,yes,5268,55,60,124,0.04,"[-0.03, 0.10]",NA,1.168186,0.242732
Picture,All,Intrusion-related distress,NA,yes,216,2,2,3,0.3,"[-0.04, 0.64]",NA,1.74524,0.080943
Moderation Analysis: ComparisonType,All,Intrusion-related distress,NA,no,NA,NA,NA,NA,NA,NA,0.268,NA,0.604
Experimental task,All,Intrusion-related distress,NA,no,3643,39,42,83,0.05,"[-0.04, 0.14]",NA,1.148112,0.250922
No-task,All,Intrusion-related distress,NA,no,2047,22,24,53,0.01,"[-0.11, 0.13]",NA,0.210148,0.833552
Moderation Analysis: ComparisonType,All,Intrusion-related distress,NA,yes,NA,NA,NA,NA,NA,NA,0.072,NA,0.788
Experimental task,All,Intrusion-related distress,NA,yes,3577,38,41,80,0.03,"[-0.04, 0.11]",NA,0.866673,0.386121
No-task,All,Intrusion-related distress,NA,yes,2008,21,23,52,0.05,"[-0.05, 0.16]",NA,0.981345,0.326422
Moderation Analysis: StudyDesign,All,Intrusion-related distress,NA,no,NA,NA,NA,NA,NA,NA,0.088,NA,0.766
Between-subject,All,Intrusion-related distress,NA,no,5542,59,64,133,0.04,"[-0.04, 0.11]",NA,0.972262,0.33092
Within-subject,All,Intrusion-related distress,NA,no,148,2,2,3,0.09,"[-0.28, 0.46]",NA,0.494473,0.620972
Moderation Analysis: StudyDesign,All,Intrusion-related distress,NA,yes,NA,NA,NA,NA,NA,NA,0.106,NA,0.744
Between-subject,All,Intrusion-related distress,NA,yes,5437,57,62,129,0.04,"[-0.03, 0.10]",NA,1.187535,0.235017
Within-subject,All,Intrusion-related distress,NA,yes,148,2,2,3,0.09,"[-0.22, 0.41]",NA,0.575858,0.564711
Moderation Analysis: ModeOfMeasurement,All,Intrusion-related distress,NA,no,NA,NA,NA,NA,NA,NA,5.039,NA,0.081
Intrusion diary,All,Intrusion-related distress,NA,no,4941,54,59,100,0.05,"[-0.02, 0.13]",NA,1.445993,0.148179
Lab-based intrusion monitoring task,All,Intrusion-related distress,NA,no,616,7,8,19,0.08,"[-0.09, 0.24]",NA,0.887272,0.374932
Self-report questionnaire,All,Intrusion-related distress,NA,no,750,7,7,17,-0.14,"[-0.32, 0.04]",NA,-1.572698,0.115789
Moderation Analysis: ModeOfMeasurement,All,Intrusion-related distress,NA,yes,NA,NA,NA,NA,NA,NA,4.107,NA,0.128
Intrusion diary,All,Intrusion-related distress,NA,yes,4836,52,57,97,0.05,"[-0.01, 0.12]",NA,1.528462,0.126398
Lab-based intrusion monitoring task,All,Intrusion-related distress,NA,yes,616,7,8,19,0.09,"[-0.07, 0.24]",NA,1.125621,0.260326
Self-report questionnaire,All,Intrusion-related distress,NA,yes,668,6,6,16,-0.11,"[-0.28, 0.06]",NA,-1.303621,0.192363
Moderation Analysis: Time of Administration,All,Intrusion-related distress,NA,no,NA,NA,NA,NA,NA,NA,3.298,NA,0.509
Delayed post,All,Intrusion-related distress,NA,no,419,3,3,7,-0.11,"[-0.41, 0.18]",NA,-0.745608,0.455904
Immediate + delayed post,All,Intrusion-related distress,NA,no,251,3,3,6,-0.13,"[-0.45, 0.20]",NA,-0.750483,0.452964
Immediate post,All,Intrusion-related distress,NA,no,3387,36,40,84,0.06,"[-0.03, 0.15]",NA,1.227663,0.219574
Peri,All,Intrusion-related distress,NA,no,680,8,8,17,-0.03,"[-0.24, 0.18]",NA,-0.282682,0.777421
Pre,All,Intrusion-related distress,NA,no,1034,13,13,22,0.11,"[-0.05, 0.28]",NA,1.3444,0.178819
Moderation Analysis: Time of Administration,All,Intrusion-related distress,NA,yes,NA,NA,NA,NA,NA,NA,2.924,NA,0.571
Delayed post,All,Intrusion-related distress,NA,yes,419,3,3,7,-0.11,"[-0.36, 0.14]",NA,-0.867602,0.385612
Immediate + delayed post,All,Intrusion-related distress,NA,yes,251,3,3,5,-0.02,"[-0.33, 0.28]",NA,-0.145502,0.884314
Immediate post,All,Intrusion-related distress,NA,yes,3282,34,38,81,0.06,"[-0.02, 0.14]",NA,1.384549,0.16619
Peri,All,Intrusion-related distress,NA,yes,680,8,8,17,-0.03,"[-0.22, 0.16]",NA,-0.29458,0.768315
Pre,All,Intrusion-related distress,NA,yes,1034,13,13,22,0.1,"[-0.05, 0.25]",NA,1.365095,0.172223
Moderation Analysis: Physio_binary,All,Intrusion-related distress,NA,no,NA,NA,NA,NA,NA,NA,0.039,NA,0.843
No,All,Intrusion-related distress,NA,no,3726,39,43,88,0.03,"[-0.06, 0.12]",NA,0.726277,0.467669
Yes,All,Intrusion-related distress,NA,no,1964,23,23,48,0.05,"[-0.07, 0.17]",NA,0.781494,0.434512
Moderation Analysis: Physio_binary,All,Intrusion-related distress,NA,yes,NA,NA,NA,NA,NA,NA,0.252,NA,0.616
No,All,Intrusion-related distress,NA,yes,3687,38,42,87,0.05,"[-0.02, 0.13]",NA,1.333697,0.182303
Yes,All,Intrusion-related distress,NA,yes,1898,22,22,45,0.02,"[-0.09, 0.13]",NA,0.345531,0.729695
Moderation Analysis: PublicationStatus,All,Intrusion-related distress,NA,no,NA,NA,NA,NA,NA,NA,1.026,NA,0.311
Published,All,Intrusion-related distress,NA,no,5282,56,61,124,0.05,"[-0.02, 0.12]",NA,1.30389,0.192271
Unpublished,All,Intrusion-related distress,NA,no,408,5,5,12,-0.09,"[-0.34, 0.17]",NA,-0.67907,0.497094
Moderation Analysis: PublicationStatus,All,Intrusion-related distress,NA,yes,NA,NA,NA,NA,NA,NA,0.507,NA,0.477
Published,All,Intrusion-related distress,NA,yes,5177,54,59,121,0.05,"[-0.02, 0.11]",NA,1.429607,0.15283
Unpublished,All,Intrusion-related distress,NA,yes,408,5,5,11,-0.04,"[-0.27, 0.19]",NA,-0.336636,0.736391
Moderation Analysis: Country_RegionofOrigin,All,Intrusion-related distress,NA,no,NA,NA,NA,NA,NA,NA,13.899,NA,0.381
Australia,All,Intrusion-related distress,NA,no,958,10,11,33,0.05,"[-0.11, 0.21]",NA,0.585322,0.558332
Austria,All,Intrusion-related distress,NA,no,84,1,1,1,0.18,"[-0.45, 0.81]",NA,0.554416,0.579294
Belgium/Australia,All,Intrusion-related distress,NA,no,74,1,1,2,0.04,"[-0.55, 0.63]",NA,0.135278,0.892392
China,All,Intrusion-related distress,NA,no,66,1,1,1,0.7,"[0.05, 1.36]",NA,2.098894,0.035826
England,All,Intrusion-related distress,NA,no,988,15,15,30,0.05,"[-0.10, 0.21]",NA,0.652407,0.514139
Germany,All,Intrusion-related distress,NA,no,1540,13,13,22,0.02,"[-0.13, 0.17]",NA,0.205774,0.836967
Hong Kong SAR,All,Intrusion-related distress,NA,no,240,2,3,3,0.27,"[-0.09, 0.62]",NA,1.461021,0.14401
Israel,All,Intrusion-related distress,NA,no,60,1,1,1,0.46,"[-0.21, 1.13]",NA,1.345037,0.178613
Netherlands,All,Intrusion-related distress,NA,no,911,9,11,27,-0.04,"[-0.21, 0.13]",NA,-0.435635,0.663102
New Zealand,All,Intrusion-related distress,NA,no,60,1,1,2,-0.49,"[-1.11, 0.13]",NA,-1.563405,0.117957
Scotland,All,Intrusion-related distress,NA,no,38,1,1,1,-0.14,"[-0.90, 0.63]",NA,-0.345543,0.729686
Sweden,All,Intrusion-related distress,NA,no,41,1,1,3,0.13,"[-0.54, 0.79]",NA,0.375345,0.707404
Switzerland,All,Intrusion-related distress,NA,no,121,2,2,2,0.35,"[-0.13, 0.82]",NA,1.433831,0.15162
USA,All,Intrusion-related distress,NA,no,509,4,4,8,-0.11,"[-0.39, 0.17]",NA,-0.764702,0.444449
Moderation Analysis: Country_RegionofOrigin,All,Intrusion-related distress,NA,yes,NA,NA,NA,NA,NA,NA,11.503,NA,0.486
Australia,All,Intrusion-related distress,NA,yes,958,10,11,33,0.05,"[-0.09, 0.18]",NA,0.656132,0.511739
Austria,All,Intrusion-related distress,NA,yes,84,1,1,1,0.18,"[-0.39, 0.75]",NA,0.612392,0.540278
Belgium/Australia,All,Intrusion-related distress,NA,yes,74,1,1,2,0.04,"[-0.48, 0.56]",NA,0.151985,0.879199
England,All,Intrusion-related distress,NA,yes,988,15,15,28,0.06,"[-0.09, 0.20]",NA,0.774952,0.438368
Germany,All,Intrusion-related distress,NA,yes,1540,13,13,22,0.02,"[-0.11, 0.15]",NA,0.227824,0.819783
Hong Kong SAR,All,Intrusion-related distress,NA,yes,240,2,3,3,0.27,"[-0.05, 0.59]",NA,1.641324,0.10073
Israel,All,Intrusion-related distress,NA,yes,60,1,1,1,0.46,"[-0.15, 1.07]",NA,1.468387,0.141999
Netherlands,All,Intrusion-related distress,NA,yes,872,8,10,26,0.03,"[-0.12, 0.18]",NA,0.41237,0.680069
New Zealand,All,Intrusion-related distress,NA,yes,60,1,1,2,-0.49,"[-1.05, 0.06]",NA,-1.735125,0.082719
Scotland,All,Intrusion-related distress,NA,yes,38,1,1,1,-0.14,"[-0.85, 0.58]",NA,-0.36878,0.712292
Sweden,All,Intrusion-related distress,NA,yes,41,1,1,3,0.13,"[-0.48, 0.73]",NA,0.410314,0.681576
Switzerland,All,Intrusion-related distress,NA,yes,121,2,2,2,0.35,"[-0.09, 0.78]",NA,1.572629,0.115805
USA,All,Intrusion-related distress,NA,yes,509,4,4,8,-0.12,"[-0.36, 0.13]",NA,-0.929442,0.35266
Moderation Analysis: Continent,All,Intrusion-related distress,NA,no,NA,NA,NA,NA,NA,NA,7.13,NA,0.129
Asia,All,Intrusion-related distress,NA,no,366,4,5,5,0.38,"[0.10, 0.66]",NA,2.686757,0.007215
Australia,All,Intrusion-related distress,NA,no,1018,11,12,35,0.01,"[-0.14, 0.17]",NA,0.18092,0.85643
Australia/europe,All,Intrusion-related distress,NA,no,74,1,1,2,0.04,"[-0.54, 0.62]",NA,0.138065,0.890189
Europe,All,Intrusion-related distress,NA,no,3723,42,44,86,0.03,"[-0.06, 0.11]",NA,0.6305,0.528368
North america,All,Intrusion-related distress,NA,no,509,4,4,8,-0.11,"[-0.39, 0.17]",NA,-0.790637,0.429156
Moderation Analysis: Continent,All,Intrusion-related distress,NA,yes,NA,NA,NA,NA,NA,NA,5.278,NA,0.26
Asia,All,Intrusion-related distress,NA,yes,300,3,4,4,0.31,"[0.03, 0.59]",NA,2.15423,0.031222
Australia,All,Intrusion-related distress,NA,yes,1018,11,12,35,0.02,"[-0.12, 0.15]",NA,0.223698,0.822992
Australia/europe,All,Intrusion-related distress,NA,yes,74,1,1,2,0.04,"[-0.48, 0.56]",NA,0.153493,0.878009
Europe,All,Intrusion-related distress,NA,yes,3684,41,43,83,0.05,"[-0.03, 0.12]",NA,1.15824,0.246766
North america,All,Intrusion-related distress,NA,yes,509,4,4,8,-0.12,"[-0.36, 0.13]",NA,-0.945478,0.344415
Moderation Analysis: MeanAge,All,Intrusion-related distress,NA,no,NA,NA,NA,NA,NA,NA,2.755,NA,0.097
MeanAge,All,Intrusion-related distress,NA,no,5374,58,63,132,0.02,"[-0.00, 0.04]",NA,1.659923,0.09693
Moderation Analysis: MeanAge,All,Intrusion-related distress,NA,yes,NA,NA,NA,NA,NA,NA,3.018,NA,0.082
MeanAge,All,Intrusion-related distress,NA,yes,5374,58,63,130,0.02,"[-0.00, 0.04]",NA,1.737249,0.082343
Moderation Analysis: FemaleRatio,All,Intrusion-related distress,NA,no,NA,NA,NA,NA,NA,NA,0.746,NA,0.388
FemaleRatio,All,Intrusion-related distress,NA,no,5690,61,66,136,0.16,"[-0.20, 0.53]",NA,0.863671,0.387769
Moderation Analysis: FemaleRatio,All,Intrusion-related distress,NA,yes,NA,NA,NA,NA,NA,NA,0.202,NA,0.653
FemaleRatio,All,Intrusion-related distress,NA,yes,5585,59,64,132,0.08,"[-0.25, 0.41]",NA,0.449231,0.653265